Easting,Northing,surf,bed,hice,dist
-1457455,-377723,963.7943115234375,-815.1456,1784.1694,0.0
-1457355,-377723,962.632080078125,-815.1456,1784.1694,0.1
-1457446,-377763,963.7943115234375,-815.1456,1784.1694,0.2
-1457538,-377802,964.7193603515625,-803.4937,1776.9489,0.3
-1457627,-377847,965.8712768554688,-803.4937,1776.9489,0.4
-1457719,-377888,965.8712768554688,-803.4937,1776.9489,0.5
-1457812,-377924,966.6301879882812,-803.4937,1776.9489,0.6
-1457894,-377980,966.6301879882812,-803.4937,1776.9489,0.7
-1457979,-378034,967.548828125,-800.1532,1774.1317,0.8
-1458074,-378066,967.9974975585938,-790.6946,1767.8004,0.9
-1458170,-378094,967.9974975585938,-790.6946,1767.8004,1.0
-1458265,-378122,967.8419799804688,-790.6946,1767.8004,1.1
-1458360,-378156,967.8419799804688,-790.6946,1767.8004,1.2
-1458453,-378192,966.9754028320312,-790.6946,1767.8004,1.3
-1458546,-378227,968.031982421875,-785.9648,1762.8662,1.4
-1458638,-378269,966.5167846679688,-785.9648,1762.8662,1.5
-1458730,-378306,966.5167846679688,-785.9648,1762.8662,1.6
-1458823,-378345,964.49169921875,-785.9648,1762.8662,1.7
-1458914,-378386,964.49169921875,-785.9648,1762.8662,1.8
-1459005,-378425,962.8966674804688,-786.5906,1759.1914,1.9
-1459098,-378462,962.8966674804688,-786.5906,1759.1914,2.0
-1459191,-378499,962.8966674804688,-786.5906,1759.1914,2.1
-1459285,-378535,959.7900390625,-780.2119,1752.7904,2.2
-1459378,-378570,959.7900390625,-780.2119,1752.7904,2.3
-1459472,-378604,956.7312622070312,-780.2119,1752.7904,2.4
-1459567,-378635,956.7312622070312,-783.87,1749.1675,2.5
-1459662,-378668,952.6739501953125,-783.87,1749.1675,2.6
-1459756,-378702,952.6739501953125,-783.87,1749.1675,2.7
-1459849,-378737,948.295654296875,-783.87,1749.1675,2.8
-1459943,-378773,948.295654296875,-783.87,1749.1675,2.9
-1460037,-378808,943.8141479492188,-791.81946,1746.4489,3.0
-1460130,-378842,943.8141479492188,-791.81946,1746.4489,3.1
-1460224,-378876,939.1426391601562,-791.81946,1746.4489,3.2
-1460318,-378911,939.1426391601562,-791.81946,1746.4489,3.3
-1460411,-378947,934.5079345703125,-791.81946,1746.4489,3.4
-1460505,-378982,934.5079345703125,-803.0703,1745.8486,3.5
-1460598,-379018,934.0418701171875,-798.4754,1740.7188,3.6
-1460692,-379055,929.195068359375,-798.4754,1740.7188,3.7
-1460785,-379091,929.195068359375,-798.4754,1740.7188,3.8
-1460878,-379128,925.6884155273438,-798.4754,1740.7188,3.9
-1460971,-379165,925.6884155273438,-798.4754,1740.7188,4.0
-1461064,-379202,920.9262084960938,-813.24347,1743.4929,4.1
-1461156,-379241,920.9262084960938,-813.24347,1743.4929,4.2
-1461249,-379278,918.3984985351562,-813.24347,1743.4929,4.3
-1461341,-379315,918.3984985351562,-813.24347,1743.4929,4.4
-1461433,-379354,916.2713623046875,-813.24347,1743.4929,4.5
-1461525,-379393,916.2713623046875,-827.0483,1750.2915,4.6
-1461617,-379434,913.064697265625,-827.0483,1750.2915,4.7
-1461707,-379476,913.064697265625,-827.0483,1750.2915,4.8
-1461798,-379520,913.064697265625,-827.4547,1747.789,4.9
-1461889,-379559,911.3414306640625,-827.4547,1747.789,5.0
-1461980,-379602,909.9039916992188,-827.4547,1747.789,5.1
-1462071,-379644,908.3816528320312,-841.96045,1757.3865,5.2
-1462163,-379683,908.3816528320312,-841.96045,1757.3865,5.3
-1462254,-379723,906.79833984375,-841.96045,1757.3865,5.4
-1462346,-379764,906.79833984375,-841.96045,1757.3865,5.5
-1462438,-379801,903.4248657226562,-841.96045,1757.3865,5.6
-1462529,-379845,903.4248657226562,-857.7805,1769.0789,5.7
-1462617,-379890,901.642822265625,-857.7805,1769.0789,5.8
-1462706,-379938,901.642822265625,-857.7805,1769.0789,5.9
-1462792,-379989,901.642822265625,-857.7805,1769.0789,6.0
-1462879,-380036,898.4741821289062,-858.58405,1766.5721,6.1
-1462963,-380092,898.4741821289062,-858.58405,1766.5721,6.2
-1463050,-380141,896.599365234375,-874.5852,1778.8467,6.3
-1463134,-380194,896.599365234375,-874.5852,1778.8467,6.4
-1463219,-380249,893.9417724609375,-874.5852,1778.8467,6.5
-1463307,-380296,893.9417724609375,-874.5852,1778.8467,6.6
-1463396,-380342,893.9417724609375,-874.5852,1778.8467,6.7
-1463485,-380387,891.9826049804688,-874.5852,1778.8467,6.8
-1463571,-380438,891.6079711914062,-892.7989,1792.9851,6.9
-1463657,-380489,890.0787963867188,-892.7989,1792.9851,7.0
-1463743,-380540,890.0787963867188,-890.67505,1790.0221,7.1
-1463828,-380593,888.3758544921875,-890.67505,1790.0221,7.2
-1463912,-380646,888.4754638671875,-890.67505,1790.0221,7.3
-1463994,-380704,888.4754638671875,-890.67505,1790.0221,7.4
-1464073,-380766,887.0895385742188,-909.232,1805.689,7.5
-1464152,-380827,887.14794921875,-909.232,1805.689,7.6
-1464234,-380884,886.033935546875,-909.232,1805.689,7.7
-1464316,-380942,886.033935546875,-909.232,1805.689,7.8
-1464396,-381001,886.3920288085938,-906.69745,1803.3629,7.9
-1464482,-381053,885.4893188476562,-906.69745,1803.3629,8.0
-1464569,-381102,885.4893188476562,-924.3408,1819.299,8.1
-1464655,-381152,884.8642578125,-924.3408,1819.299,8.2
-1464742,-381203,885.39794921875,-924.3408,1819.299,8.3
-1464831,-381248,885.2205810546875,-924.3408,1819.299,8.4
-1464922,-381290,885.2205810546875,-924.3408,1819.299,8.5
-1465013,-381331,885.1943969726562,-939.978,1834.504,8.6
-1465100,-381380,885.1943969726562,-939.978,1834.504,8.7
-1465188,-381427,885.93701171875,-939.978,1834.504,8.8
-1465280,-381465,886.6660766601562,-939.978,1834.504,8.9
-1465374,-381499,886.6660766601562,-939.978,1834.504,9.0
-1465470,-381529,887.4717407226562,-934.6997,1832.3635,9.1
-1465567,-381554,887.4717407226562,-948.3638,1846.6504,9.2
-1465664,-381578,888.8743286132812,-948.3638,1846.6504,9.3
-1465764,-381574,888.8743286132812,-948.3638,1846.6504,9.4
-1465863,-381559,890.8346557617188,-948.3638,1846.6504,9.5
-1465962,-381544,890.8346557617188,-948.3638,1846.6504,9.6
-1466060,-381524,892.9187622070312,-960.19104,1860.9056,9.7
-1466159,-381535,892.9187622070312,-960.19104,1860.9056,9.8
-1466259,-381544,895.0908203125,-960.19104,1860.9056,9.9
-1466355,-381570,895.0908203125,-960.19104,1860.9056,10.0
-1466449,-381603,897.06396484375,-960.19104,1860.9056,10.1
-1466544,-381637,897.06396484375,-969.13074,1874.247,10.2
-1466632,-381685,898.9293823242188,-969.13074,1874.247,10.3
-1466714,-381740,898.9293823242188,-969.13074,1874.247,10.4
-1466800,-381791,898.9293823242188,-969.13074,1874.247,10.5
-1466887,-381842,900.2290649414062,-969.13074,1874.247,10.6
-1466974,-381892,900.2290649414062,-969.13074,1874.247,10.7
-1467061,-381941,901.7073364257812,-976.38965,1885.7917,10.8
-1467148,-381990,901.7073364257812,-976.38965,1885.7917,10.9
-1467234,-382041,902.6868286132812,-974.22125,1882.4572,11.0
-1467323,-382087,902.6868286132812,-974.22125,1882.4572,11.1
-1467410,-382136,904.221923828125,-974.22125,1882.4572,11.2
-1467499,-382180,904.221923828125,-974.22125,1882.4572,11.3
-1467591,-382222,903.675537109375,-979.3935,1891.4976,11.4
-1467675,-382276,905.3067626953125,-979.3935,1891.4976,11.5
-1467760,-382328,905.3067626953125,-979.3935,1891.4976,11.6
-1467846,-382380,906.6011962890625,-979.3935,1891.4976,11.7
-1467933,-382429,906.3976440429688,-979.3935,1891.4976,11.8
-1468022,-382473,907.7793579101562,-983.14685,1898.927,11.9
-1468113,-382516,907.7793579101562,-978.7491,1894.026,12.0
-1468203,-382560,909.367919921875,-978.7491,1894.026,12.1
-1468293,-382601,909.1268920898438,-978.7491,1894.026,12.2
-1468384,-382644,909.1268920898438,-978.7491,1894.026,12.3
-1468475,-382685,910.5296630859375,-978.7491,1894.026,12.4
-1468565,-382727,910.5296630859375,-981.22394,1899.6725,12.5
-1468657,-382767,911.8997192382812,-981.22394,1899.6725,12.6
-1468749,-382807,911.2412719726562,-981.22394,1899.6725,12.7
-1468842,-382845,912.4939575195312,-981.22394,1899.6725,12.8
-1468935,-382882,912.4939575195312,-981.22394,1899.6725,12.9
-1469027,-382918,913.35791015625,-983.3519,1904.595,13.0
-1469119,-382959,913.35791015625,-983.3519,1904.595,13.1
-1469211,-382999,914.0852661132812,-983.3519,1904.595,13.2
-1469304,-383035,913.22021484375,-978.7368,1897.6425,13.3
-1469397,-383072,913.22021484375,-978.7368,1897.6425,13.4
-1469490,-383108,913.6622314453125,-978.7368,1897.6425,13.5
-1469584,-383143,913.6622314453125,-981.2186,1901.0195,13.6
-1469677,-383178,913.7481079101562,-981.2186,1901.0195,13.7
-1469771,-383215,912.45361328125,-981.2186,1901.0195,13.8
-1469862,-383256,912.0639038085938,-981.2186,1901.0195,13.9
-1469953,-383295,912.0639038085938,-981.2186,1901.0195,14.0
-1470045,-383336,911.1568603515625,-984.37024,1903.3589,14.1
-1470136,-383376,911.1568603515625,-984.37024,1903.3589,14.2
-1470225,-383422,908.5325317382812,-984.37024,1903.3589,14.3
-1470310,-383474,908.5325317382812,-984.37024,1903.3589,14.4
-1470394,-383530,908.5325317382812,-980.1317,1894.3318,14.5
-1470482,-383578,907.1505737304688,-980.1317,1894.3318,14.6
-1470570,-383625,905.29443359375,-984.8725,1895.86,14.7
-1470659,-383671,903.715087890625,-984.8725,1895.86,14.8
-1470748,-383716,903.715087890625,-984.8725,1895.86,14.9
-1470835,-383764,901.9765625,-984.8725,1895.86,15.0
-1470924,-383811,899.810302734375,-984.8725,1895.86,15.1
-1471013,-383857,897.92529296875,-991.74567,1898.1772,15.2
-1471102,-383901,897.92529296875,-991.74567,1898.1772,15.3
-1471192,-383946,897.92529296875,-991.74567,1898.1772,15.4
-1471281,-383990,895.597900390625,-991.74567,1898.1772,15.5
-1471371,-384036,893.4715576171875,-987.5541,1888.0815,15.6
-1471460,-384081,890.908447265625,-987.5541,1888.0815,15.7
-1471550,-384125,890.908447265625,-997.1118,1892.1334,15.8
-1471640,-384168,888.5645141601562,-997.1118,1892.1334,15.9
-1471730,-384212,886.2462158203125,-997.1118,1892.1334,16.0
-1471822,-384251,883.4680786132812,-997.1118,1892.1334,16.1
-1471913,-384293,883.4680786132812,-997.1118,1892.1334,16.2
-1472004,-384332,880.6282958984375,-1008.6773,1897.1952,16.3
-1472097,-384371,880.6282958984375,-1008.6773,1897.1952,16.4
-1472188,-384413,878.4351806640625,-1008.6773,1897.1952,16.5
-1472278,-384456,875.2164916992188,-1008.6773,1897.1952,16.6
-1472369,-384497,875.2164916992188,-1008.6773,1897.1952,16.7
-1472460,-384537,871.9725952148438,-1007.3862,1889.8245,16.8
-1472552,-384579,871.9725952148438,-1021.0643,1896.3722,16.9
-1472642,-384620,866.7530517578125,-1021.0643,1896.3722,17.0
-1472733,-384664,866.7530517578125,-1021.0643,1896.3722,17.1
-1472822,-384707,863.5609130859375,-1021.0643,1896.3722,17.2
-1472911,-384755,863.5609130859375,-1021.0643,1896.3722,17.3
-1472999,-384802,861.8101196289062,-1021.0643,1896.3722,17.4
-1473086,-384851,859.1665649414062,-1033.804,1902.3158,17.5
-1473176,-384893,859.1665649414062,-1033.804,1902.3158,17.6
-1473267,-384936,856.2225952148438,-1033.804,1902.3158,17.7
-1473358,-384978,856.2225952148438,-1033.804,1902.3158,17.8
-1473450,-385017,853.4205932617188,-1034.393,1899.4116,17.9
-1473541,-385058,853.4205932617188,-1045.2786,1906.517,18.0
-1473632,-385100,851.1495361328125,-1045.2786,1906.517,18.1
-1473723,-385142,851.1495361328125,-1045.2786,1906.517,18.2
-1473814,-385181,848.9794311523438,-1045.2786,1906.517,18.3
-1473906,-385221,849.4197387695312,-1045.2786,1906.517,18.4
-1473998,-385261,849.4197387695312,-1045.2786,1906.517,18.5
-1474090,-385300,847.62060546875,-1055.895,1913.435,18.6
-1474181,-385342,847.62060546875,-1055.895,1913.435,18.7
-1474272,-385384,845.9526977539062,-1055.895,1913.435,18.8
-1474362,-385425,846.7944946289062,-1055.895,1913.435,18.9
-1474453,-385468,845.4335327148438,-1055.895,1913.435,19.0
-1474543,-385510,845.4335327148438,-1069.7498,1925.1705,19.1
-1474633,-385556,844.1309204101562,-1069.7498,1925.1705,19.2
-1474722,-385599,844.1309204101562,-1069.7498,1925.1705,19.3
-1474811,-385647,844.1030883789062,-1069.7498,1925.1705,19.4
-1474902,-385688,844.1030883789062,-1069.7498,1925.1705,19.5
-1474990,-385734,844.1030883789062,-1069.7498,1925.1705,19.6
-1475079,-385779,843.2945556640625,-1078.5637,1931.9918,19.7
-1475169,-385824,844.1419067382812,-1078.5637,1931.9918,19.8
-1475259,-385868,843.6009521484375,-1078.5637,1931.9918,19.9
-1475348,-385914,843.6009521484375,-1078.5637,1931.9918,20.0
-1475438,-385957,843.4354858398438,-1078.5637,1931.9918,20.1
-1475529,-385999,843.4354858398438,-1085.1962,1937.5945,20.2
-1475621,-386037,844.2926025390625,-1094.0989,1947.6799,20.3
-1475713,-386077,844.2926025390625,-1094.0989,1947.6799,20.4
-1475806,-386112,845.0125122070312,-1094.0989,1947.6799,20.5
-1475898,-386151,845.0125122070312,-1094.0989,1947.6799,20.6
-1475991,-386190,845.0125122070312,-1094.0989,1947.6799,20.7
-1476084,-386227,846.1022338867188,-1098.9316,1953.3242,20.8
-1476177,-386264,846.1022338867188,-1098.9316,1953.3242,20.9
-1476269,-386300,847.4979248046875,-1098.9316,1953.3242,21.0
-1476365,-386328,847.4979248046875,-1098.9316,1953.3242,21.1
-1476461,-386358,849.2451782226562,-1098.9316,1953.3242,21.2
-1476557,-386388,849.2451782226562,-1098.7715,1956.476,21.3
-1476652,-386419,850.861572265625,-1098.7715,1956.476,21.4
-1476746,-386450,850.861572265625,-1098.7715,1956.476,21.5
-1476841,-386482,853.0089721679688,-1098.7715,1956.476,21.6
-1476936,-386516,853.0089721679688,-1111.9426,1969.2561,21.7
-1477030,-386550,855.1929931640625,-1107.1796,1969.652,21.8
-1477120,-386591,855.1929931640625,-1107.1796,1969.652,21.9
-1477210,-386635,857.3544311523438,-1107.1796,1969.652,22.0
-1477294,-386691,857.3544311523438,-1107.1796,1969.652,22.1
-1477381,-386738,857.3544311523438,-1107.1796,1969.652,22.2
-1477469,-386786,859.691650390625,-1107.1796,1969.652,22.3
-1477554,-386838,859.8508911132812,-1096.0217,1964.5709,22.4
-1477637,-386896,862.2763061523438,-1096.0217,1964.5709,22.5
-1477721,-386948,862.2763061523438,-1096.0217,1964.5709,22.6
-1477805,-387003,864.933349609375,-1115.556,1984.2408,22.7
-1477894,-387048,864.933349609375,-1115.556,1984.2408,22.8
-1477982,-387096,864.933349609375,-1115.556,1984.2408,22.9
-1478070,-387144,867.3038330078125,-1101.1628,1975.8219,23.0
-1478157,-387192,867.3038330078125,-1101.1628,1975.8219,23.1
-1478245,-387242,869.5938110351562,-1101.1628,1975.8219,23.2
-1478329,-387294,869.5938110351562,-1101.1628,1975.8219,23.3
-1478412,-387352,872.0260620117188,-1101.1628,1975.8219,23.4
-1478494,-387407,871.4845581054688,-1101.1628,1975.8219,23.5
-1478581,-387457,871.4845581054688,-1084.9148,1964.9589,23.6
-1478669,-387505,873.5787353515625,-1114.9264,1992.859,23.7
-1478757,-387552,873.5787353515625,-1114.9264,1992.859,23.8
-1478845,-387601,874.64208984375,-1114.9264,1992.859,23.9
-1478934,-387645,874.64208984375,-1114.9264,1992.859,24.0
-1479022,-387694,876.7326049804688,-1100.7401,1982.8013,24.1
-1479112,-387735,876.7326049804688,-1100.7401,1982.8013,24.2
-1479204,-387777,878.6249389648438,-1100.7401,1982.8013,24.3
-1479293,-387821,877.0226440429688,-1100.7401,1982.8013,24.4
-1479385,-387860,877.0226440429688,-1100.7401,1982.8013,24.5
-1479475,-387903,878.8882446289062,-1100.7401,1982.8013,24.6
-1479567,-387942,878.8882446289062,-1086.1985,1972.5304,24.7
-1479659,-387982,880.7363891601562,-1086.1985,1972.5304,24.8
-1479751,-388020,878.4415893554688,-1122.4478,2003.4769,24.9
-1479844,-388058,880.18603515625,-1122.4478,2003.4769,25.0
-1479936,-388096,880.18603515625,-1122.4478,2003.4769,25.1
-1480030,-388132,882.4541015625,-1107.1516,1991.6952,25.2
-1480122,-388170,882.4541015625,-1107.1516,1991.6952,25.3
-1480214,-388209,881.2383422851562,-1107.1516,1991.6952,25.4
-1480306,-388248,881.2383422851562,-1107.1516,1991.6952,25.5
-1480399,-388287,881.2383422851562,-1107.1516,1991.6952,25.6
-1480491,-388325,882.9212036132812,-1107.1516,1991.6952,25.7
-1480582,-388366,882.9212036132812,-1090.0776,1978.305,25.8
-1480673,-388407,880.7664184570312,-1090.0776,1978.305,25.9
-1480763,-388451,880.7664184570312,-1090.0776,1978.305,26.0
-1480853,-388494,880.8095092773438,-1090.0776,1978.305,26.1
-1480944,-388537,880.8095092773438,-1123.9489,2006.0232,26.2
-1481035,-388578,879.8675537109375,-1109.0908,1991.8131,26.3
-1481126,-388620,877.16357421875,-1109.0908,1991.8131,26.4
-1481218,-388659,875.43115234375,-1109.0908,1991.8131,26.5
-1481309,-388700,875.43115234375,-1109.0908,1991.8131,26.6
-1481400,-388740,875.43115234375,-1109.0908,1991.8131,26.7
-1481492,-388780,872.0292358398438,-1109.0908,1991.8131,26.8
-1481584,-388820,870.4598999023438,-1098.5942,1976.6227,26.9
-1481676,-388858,866.3140869140625,-1098.5942,1976.6227,27.0
-1481768,-388898,866.3140869140625,-1098.5942,1976.6227,27.1
-1481860,-388937,861.3728637695312,-1098.5942,1976.6227,27.2
-1481952,-388977,861.3728637695312,-1098.5942,1976.6227,27.3
-1482044,-389016,855.899169921875,-1120.7328,1988.8971,27.4
-1482135,-389056,855.899169921875,-1120.7328,1988.8971,27.5
-1482227,-389096,850.5986938476562,-1120.7328,1988.8971,27.6
-1482319,-389135,850.5986938476562,-1120.7328,1988.8971,27.7
-1482412,-389172,845.8126220703125,-1120.7328,1988.8971,27.8
-1482505,-389210,847.2822875976562,-1114.4866,1972.4296,27.9
-1482598,-389246,847.2822875976562,-1114.4866,1972.4296,28.0
-1482691,-389282,843.2937622070312,-1114.4866,1972.4296,28.1
-1482783,-389321,843.2937622070312,-1114.4866,1972.4296,28.2
-1482875,-389360,839.8190307617188,-1114.4866,1972.4296,28.3
-1482966,-389402,842.90869140625,-1114.4866,1972.4296,28.4
-1483056,-389445,840.2079467773438,-1105.8425,1955.5771,28.5
-1483147,-389488,840.2079467773438,-1105.8425,1955.5771,28.6
-1483235,-389535,838.5940551757812,-1128.3939,1987.306,28.7
-1483323,-389582,838.5940551757812,-1128.3939,1987.306,28.8
-1483411,-389631,841.634765625,-1128.3939,1987.306,28.9
-1483495,-389684,841.634765625,-1128.3939,1987.306,29.0
-1483580,-389736,841.634765625,-1114.3634,1969.8004,29.1
-1483669,-389782,841.3970947265625,-1114.3634,1969.8004,29.2
-1483759,-389827,845.2482299804688,-1114.3634,1969.8004,29.3
-1483850,-389868,845.1617431640625,-1114.3634,1969.8004,29.4
-1483941,-389908,845.1617431640625,-1114.3634,1969.8004,29.5
-1484034,-389947,846.0410766601562,-1095.6711,1950.9835,29.6
-1484122,-389994,846.0410766601562,-1095.6711,1950.9835,29.7
-1484210,-390042,850.8154907226562,-1121.787,1983.7606,29.8
-1484297,-390091,850.8154907226562,-1121.787,1983.7606,29.9
-1484386,-390136,850.8154907226562,-1121.787,1983.7606,30.0
-1484477,-390177,852.920166015625,-1121.787,1983.7606,30.1
-1484563,-390228,855.5385131835938,-1100.7046,1966.0917,30.2
-1484651,-390275,858.0430908203125,-1100.7046,1966.0917,30.3
-1484739,-390323,858.0430908203125,-1100.7046,1966.0917,30.4
-1484828,-390369,860.9733276367188,-1100.7046,1966.0917,30.5
-1484916,-390416,862.4027709960938,-1100.7046,1966.0917,30.6
-1485004,-390463,865.4397583007812,-1076.6345,1948.5453,30.7
-1485089,-390517,865.4397583007812,-1100.9984,1975.248,30.8
-1485176,-390566,865.4397583007812,-1100.9984,1975.248,30.9
-1485261,-390618,868.5501708984375,-1100.9984,1975.248,31.0
-1485349,-390667,868.5501708984375,-1100.9984,1975.248,31.1
-1485436,-390715,870.8904418945312,-1100.9984,1975.248,31.2
-1485522,-390766,870.8904418945312,-1074.3502,1953.8643,31.3
-1485602,-390826,872.4537963867188,-1074.3502,1953.8643,31.4
-1485684,-390884,872.4537963867188,-1074.3502,1953.8643,31.5
-1485768,-390938,872.4537963867188,-1074.3502,1953.8643,31.6
-1485853,-390990,873.3894653320312,-1074.3502,1953.8643,31.7
-1485939,-391041,873.827392578125,-1091.1677,1971.9854,31.8
-1486022,-391098,873.999755859375,-1059.4833,1942.5804,31.9
-1486107,-391150,873.999755859375,-1059.4833,1942.5804,32.0
-1486193,-391201,874.5926513671875,-1059.4833,1942.5804,32.1
-1486284,-391241,874.3326416015625,-1059.4833,1942.5804,32.2
-1486374,-391286,874.3326416015625,-1059.4833,1942.5804,32.3
-1486463,-391331,873.2875366210938,-1059.4833,1942.5804,32.4
-1486554,-391373,873.2875366210938,-1029.9308,1912.4889,32.5
-1486645,-391415,873.4613037109375,-1029.9308,1912.4889,32.6
-1486735,-391457,873.4613037109375,-1029.9308,1912.4889,32.7
-1486826,-391498,871.8726196289062,-1029.9308,1912.4889,32.8
-1486919,-391536,871.8726196289062,-1029.9551,1915.161,32.9
-1487013,-391571,869.2921142578125,-1000.40564,1882.3011,33.0
-1487107,-391605,870.8406982421875,-1000.40564,1882.3011,33.1
-1487200,-391640,870.8406982421875,-1000.40564,1882.3011,33.2
-1487294,-391676,867.4881591796875,-1000.40564,1882.3011,33.3
-1487386,-391713,867.4881591796875,-1000.40564,1882.3011,33.4
-1487478,-391753,863.393798828125,-1000.40564,1882.3011,33.5
-1487571,-391791,863.393798828125,-978.9242,1852.6746,33.6
-1487663,-391829,859.919677734375,-978.9242,1852.6746,33.7
-1487756,-391866,859.919677734375,-978.9242,1852.6746,33.8
-1487849,-391902,854.3763427734375,-978.9242,1852.6746,33.9
-1487942,-391939,854.3763427734375,-978.9242,1852.6746,34.0
-1488036,-391973,847.937744140625,-964.8631,1824.1528,34.1
-1488131,-392005,848.771728515625,-949.66595,1808.4666,34.2
-1488227,-392034,842.1687622070312,-949.66595,1808.4666,34.3
-1488322,-392065,842.1687622070312,-949.66595,1808.4666,34.4
-1488417,-392095,835.3785400390625,-949.66595,1808.4666,34.5
-1488511,-392128,835.3785400390625,-939.479,1781.4713,34.6
-1488605,-392163,830.0740966796875,-939.479,1781.4713,34.7
-1488699,-392197,830.0740966796875,-939.479,1781.4713,34.8
-1488793,-392231,829.211669921875,-939.479,1781.4713,34.9
-1488888,-392263,824.4834594726562,-939.479,1781.4713,35.0
-1488983,-392295,824.4834594726562,-939.479,1781.4713,35.1
-1489077,-392328,820.5353393554688,-934.2486,1763.3198,35.2
-1489171,-392363,820.5353393554688,-934.2486,1763.3198,35.3
-1489265,-392396,817.8488159179688,-934.2486,1763.3198,35.4
-1489359,-392430,816.626953125,-934.2486,1763.3198,35.5
-1489452,-392466,814.8428344726562,-934.2486,1763.3198,35.6
-1489546,-392502,814.8428344726562,-920.2687,1739.3091,35.7
-1489639,-392539,814.124267578125,-920.2687,1739.3091,35.8
-1489732,-392575,814.124267578125,-920.2687,1739.3091,35.9
-1489824,-392613,812.6624145507812,-920.2687,1739.3091,36.0
-1489914,-392657,812.6624145507812,-920.2687,1739.3091,36.1
-1490005,-392698,813.3848266601562,-925.9329,1744.4528,36.2
-1490097,-392739,813.3848266601562,-925.9329,1744.4528,36.3
-1490190,-392774,813.3848266601562,-925.9329,1744.4528,36.4
-1490285,-392806,812.6181030273438,-925.9329,1744.4528,36.5
-1490379,-392841,812.6181030273438,-925.9329,1744.4528,36.6
-1490471,-392879,813.7047119140625,-925.9329,1744.4528,36.7
-1490564,-392917,813.7047119140625,-933.7923,1754.3551,36.8
-1490656,-392955,815.0743408203125,-933.7923,1754.3551,36.9
-1490749,-392992,815.0743408203125,-933.7923,1754.3551,37.0
-1490842,-393030,815.02978515625,-927.51166,1744.7476,37.1
-1490934,-393069,815.02978515625,-927.51166,1744.7476,37.2
-1491026,-393108,816.3984375,-936.6116,1757.2949,37.3
-1491118,-393147,816.3984375,-936.6116,1757.2949,37.4
-1491211,-393184,817.8547973632812,-936.6116,1757.2949,37.5
-1491304,-393221,816.7913818359375,-936.6116,1757.2949,37.6
-1491396,-393259,816.7913818359375,-936.6116,1757.2949,37.7
-1491489,-393297,818.42822265625,-936.6116,1757.2949,37.8
-1491581,-393336,818.42822265625,-943.65393,1768.4113,37.9
-1491676,-393368,820.0536499023438,-943.65393,1768.4113,38.0
-1491770,-393400,818.9313354492188,-943.65393,1768.4113,38.1
-1491865,-393432,820.5843505859375,-943.65393,1768.4113,38.2
-1491958,-393469,820.5843505859375,-943.65393,1768.4113,38.3
-1492050,-393508,822.5328369140625,-954.70685,1781.7952,38.4
-1492142,-393547,822.5328369140625,-954.70685,1781.7952,38.5
-1492235,-393584,824.3568115234375,-954.70685,1781.7952,38.6
-1492327,-393624,823.2720947265625,-954.70685,1781.7952,38.7
-1492419,-393664,825.158935546875,-954.70685,1781.7952,38.8
-1492511,-393703,825.158935546875,-962.7444,1794.3981,38.9
-1492598,-393752,825.158935546875,-962.7444,1794.3981,39.0
-1492686,-393799,826.7806396484375,-962.7444,1794.3981,39.1
-1492775,-393844,826.3364868164062,-962.7444,1794.3981,39.2
-1492863,-393893,828.379150390625,-962.7444,1794.3981,39.3
-1492950,-393941,828.379150390625,-962.7444,1794.3981,39.4
-1493043,-393979,830.2451782226562,-966.9756,1803.4916,39.5
-1493136,-394015,829.9842529296875,-971.55396,1807.5254,39.6
-1493230,-394049,831.7711181640625,-971.55396,1807.5254,39.7
-1493323,-394085,831.7711181640625,-971.55396,1807.5254,39.8
-1493416,-394123,833.8439331054688,-971.55396,1807.5254,39.9
-1493508,-394162,833.8439331054688,-974.12537,1815.233,40.0
-1493600,-394201,833.8909912109375,-974.12537,1815.233,40.1
-1493690,-394245,835.643798828125,-974.12537,1815.233,40.2
-1493782,-394283,835.643798828125,-974.12537,1815.233,40.3
-1493875,-394319,837.7784423828125,-974.12537,1815.233,40.4
-1493969,-394355,837.7784423828125,-974.12537,1815.233,40.5
-1494062,-394390,839.57958984375,-975.6342,1821.2898,40.6
-1494157,-394423,839.2589111328125,-975.6342,1821.2898,40.7
-1494251,-394457,841.8811645507812,-975.6342,1821.2898,40.8
-1494345,-394491,841.8811645507812,-975.6342,1821.2898,40.9
-1494438,-394527,843.2987670898438,-976.4098,1821.3578,41.0
-1494531,-394563,843.2987670898438,-971.09753,1820.8331,41.1
-1494624,-394600,844.8084716796875,-971.09753,1820.8331,41.2
-1494717,-394637,844.8084716796875,-971.09753,1820.8331,41.3
-1494809,-394676,845.6151733398438,-971.09753,1820.8331,41.4
-1494901,-394715,845.6151733398438,-971.09753,1820.8331,41.5
-1494993,-394754,845.6151733398438,-971.09753,1820.8331,41.6
-1495086,-394791,846.6395874023438,-957.5969,1810.309,41.7
-1495180,-394827,846.4068603515625,-957.5969,1810.309,41.8
-1495273,-394862,846.3638916015625,-957.5969,1810.309,41.9
-1495367,-394896,846.3638916015625,-957.5969,1810.309,42.0
-1495461,-394931,846.3016357421875,-957.5969,1810.309,42.1
-1495555,-394966,846.3016357421875,-932.0142,1785.3976,42.2
-1495649,-395000,846.4157104492188,-920.1392,1771.151,42.3
-1495743,-395034,846.4157104492188,-920.1392,1771.151,42.4
-1495836,-395069,845.9230346679688,-920.1392,1771.151,42.5
-1495930,-395105,845.9230346679688,-920.1392,1771.151,42.6
-1496023,-395140,845.3614501953125,-882.9746,1734.2466,42.7
-1496117,-395175,845.3614501953125,-882.9746,1734.2466,42.8
-1496211,-395210,844.2568359375,-882.9746,1734.2466,42.9
-1496305,-395245,844.2568359375,-882.9746,1734.2466,43.0
-1496399,-395278,844.2568359375,-882.9746,1734.2466,43.1
-1496493,-395313,843.3898315429688,-882.9746,1734.2466,43.2
-1496586,-395348,843.3898315429688,-844.266,1694.0896,43.3
-1496679,-395385,842.0355834960938,-844.266,1694.0896,43.4
-1496773,-395421,841.2036743164062,-844.266,1694.0896,43.5
-1496866,-395457,839.7504272460938,-844.266,1694.0896,43.6
-1496960,-395492,839.7504272460938,-844.266,1694.0896,43.7
-1497053,-395528,837.3040161132812,-792.92346,1636.546,43.8
-1497146,-395565,837.3040161132812,-792.92346,1636.546,43.9
-1497239,-395601,834.0468139648438,-792.92346,1636.546,44.0
-1497332,-395637,834.0468139648438,-792.92346,1636.546,44.1
-1497425,-395675,830.847900390625,-792.92346,1636.546,44.2
-1497516,-395716,830.847900390625,-768.7444,1605.7351,44.3
-1497606,-395760,828.0526733398438,-768.7444,1605.7351,44.4
-1497696,-395803,827.2611083984375,-768.7444,1605.7351,44.5
-1497787,-395846,827.2611083984375,-768.7444,1605.7351,44.6
-1497876,-395890,824.8491821289062,-768.7444,1605.7351,44.7
-1497967,-395933,824.8491821289062,-768.7444,1605.7351,44.8
-1498058,-395974,823.1596069335938,-745.7126,1576.5452,44.9
-1498149,-396015,823.0762939453125,-726.02234,1556.8363,45.0
-1498240,-396057,822.6884155273438,-726.02234,1556.8363,45.1
-1498331,-396098,822.6884155273438,-726.02234,1556.8363,45.2
-1498421,-396141,822.6720581054688,-726.02234,1556.8363,45.3
-1498511,-396184,822.6720581054688,-703.61487,1531.0981,45.4
-1498602,-396226,821.6591186523438,-703.61487,1531.0981,45.5
-1498693,-396267,821.6591186523438,-703.61487,1531.0981,45.6
-1498784,-396310,821.6591186523438,-703.61487,1531.0981,45.7
-1498873,-396354,820.6383666992188,-703.61487,1531.0981,45.8
-1498964,-396397,820.6383666992188,-703.61487,1531.0981,45.9
-1499054,-396439,815.7280883789062,-684.48694,1508.1488,46.0
-1499145,-396481,815.7280883789062,-684.48694,1508.1488,46.1
-1499236,-396523,812.7789306640625,-678.2593,1491.965,46.2
-1499326,-396566,812.7789306640625,-678.2593,1491.965,46.3
-1499416,-396610,805.214111328125,-678.2593,1491.965,46.4
-1499506,-396654,805.214111328125,-666.5431,1472.6371,46.5
-1499596,-396698,805.214111328125,-666.5431,1472.6371,46.6
-1499686,-396741,801.0083618164062,-666.5431,1472.6371,46.7
-1499776,-396785,801.0083618164062,-666.5431,1472.6371,46.8
-1499865,-396829,794.125244140625,-666.5431,1472.6371,46.9
-1499955,-396874,794.125244140625,-666.5431,1472.6371,47.0
-1500044,-396919,790.9329223632812,-657.70355,1456.3992,47.1
-1500133,-396965,790.9329223632812,-657.70355,1456.3992,47.2
-1500220,-397014,789.6217041015625,-643.4202,1442.3444,47.3
-1500307,-397064,789.6217041015625,-643.4202,1442.3444,47.4
-1500393,-397115,789.6217041015625,-643.4202,1442.3444,47.5
-1500479,-397165,788.999267578125,-643.4202,1442.3444,47.6
-1500566,-397215,791.588623046875,-627.8563,1428.3523,47.7
-1500651,-397267,791.390380859375,-627.8563,1428.3523,47.8
-1500736,-397320,791.390380859375,-627.8563,1428.3523,47.9
-1500823,-397369,790.604736328125,-627.8563,1428.3523,48.0
-1500909,-397421,792.3411254882812,-627.8563,1428.3523,48.1
-1500995,-397472,792.3411254882812,-627.8563,1428.3523,48.2
-1501081,-397523,790.1182861328125,-607.51556,1404.456,48.3
-1501168,-397572,790.1182861328125,-607.51556,1404.456,48.4
-1501255,-397622,786.3112182617188,-607.51556,1404.456,48.5
-1501342,-397671,786.3112182617188,-607.51556,1404.456,48.6
-1501430,-397718,781.8902587890625,-607.51556,1404.456,48.7
-1501517,-397767,781.8902587890625,-609.568,1394.2548,48.8
-1501605,-397815,773.3436889648438,-609.568,1394.2548,48.9
-1501693,-397863,773.3436889648438,-609.568,1394.2548,49.0
-1501780,-397912,773.3436889648438,-609.568,1394.2548,49.1
-1501868,-397960,767.2060546875,-609.568,1394.2548,49.2
-1501955,-398008,762.8910522460938,-611.149,1388.3661,49.3
-1502044,-398055,756.26708984375,-625.0452,1383.9762,49.4
-1502131,-398103,756.26708984375,-625.0452,1383.9762,49.5
-1502220,-398150,749.6348266601562,-625.0452,1383.9762,49.6
-1502307,-398198,749.6348266601562,-625.0452,1383.9762,49.7
-1502396,-398245,745.217041015625,-625.0452,1383.9762,49.8
-1502483,-398293,739.1322021484375,-625.0452,1383.9762,49.9
-1502571,-398342,739.1322021484375,-639.25525,1380.9503,50.0
-1502658,-398391,734.9681396484375,-639.25525,1380.9503,50.1
-1502745,-398440,730.7426147460938,-639.25525,1380.9503,50.2
-1502833,-398488,728.7131958007812,-639.25525,1380.9503,50.3
-1502920,-398537,728.7131958007812,-647.2939,1382.519,50.4
-1503006,-398587,728.28369140625,-651.32465,1380.8429,50.5
-1503092,-398638,725.9173583984375,-651.32465,1380.8429,50.6
-1503178,-398690,725.9173583984375,-651.32465,1380.8429,50.7
-1503263,-398743,727.3477783203125,-651.32465,1380.8429,50.8
-1503347,-398797,727.3477783203125,-651.32465,1380.8429,50.9
-1503430,-398853,728.0835571289062,-651.32465,1380.8429,51.0
-1503513,-398908,728.0835571289062,-643.167,1377.1504,51.1
-1503597,-398963,728.0835571289062,-643.167,1377.1504,51.2
-1503680,-399018,728.7616577148438,-649.4133,1379.9982,51.3
-1503764,-399072,728.7616577148438,-649.4133,1379.9982,51.4
-1503848,-399127,730.0307006835938,-649.4133,1379.9982,51.5
-1503931,-399182,730.0307006835938,-649.4133,1379.9982,51.6
-1504015,-399237,728.4673461914062,-643.0472,1375.682,51.7
-1504099,-399291,728.4673461914062,-643.0472,1375.682,51.8
-1504183,-399345,728.4673461914062,-643.0472,1375.682,51.9
-1504267,-399399,727.3097534179688,-643.0472,1375.682,52.0
-1504352,-399453,724.9661254882812,-643.0472,1375.682,52.1
-1504436,-399507,722.65673828125,-653.8348,1379.8236,52.2
-1504521,-399560,722.65673828125,-653.7804,1375.7092,52.3
-1504606,-399612,716.91796875,-653.7804,1375.7092,52.4
-1504692,-399663,716.91796875,-653.7804,1375.7092,52.5
-1504778,-399714,716.91796875,-653.7804,1375.7092,52.6
-1504864,-399765,713.356201171875,-653.7804,1375.7092,52.7
-1504951,-399815,711.4713745117188,-653.7804,1375.7092,52.8
-1505037,-399866,708.37255859375,-656.4163,1371.9955,52.9
-1505123,-399917,708.37255859375,-656.4163,1371.9955,53.0
-1505209,-399967,705.8136596679688,-656.4163,1371.9955,53.1
-1505295,-400018,705.7778930664062,-664.27277,1377.9633,53.2
-1505382,-400068,705.7778930664062,-664.27277,1377.9633,53.3
-1505465,-400123,704.2860717773438,-664.27277,1377.9633,53.4
-1505552,-400173,704.2860717773438,-661.7493,1375.1052,53.5
-1505638,-400224,704.5294799804688,-661.7493,1375.1052,53.6
-1505723,-400276,704.5294799804688,-661.7493,1375.1052,53.7
-1505809,-400327,703.1770629882812,-661.7493,1375.1052,53.8
-1505894,-400380,703.1770629882812,-661.7493,1375.1052,53.9
-1505977,-400436,705.7318725585938,-661.7493,1375.1052,54.0
-1506059,-400493,705.559814453125,-660.4516,1372.2543,54.1
-1506141,-400550,705.559814453125,-661.92444,1377.5778,54.2
-1506223,-400608,709.121337890625,-661.92444,1377.5778,54.3
-1506305,-400665,709.121337890625,-661.92444,1377.5778,54.4
-1506387,-400722,709.121337890625,-661.92444,1377.5778,54.5
-1506471,-400777,711.0225219726562,-661.92444,1377.5778,54.6
-1506552,-400835,713.276123046875,-654.10754,1374.2589,54.7
-1506635,-400891,716.1703491210938,-654.10754,1374.2589,54.8
-1506718,-400947,716.1703491210938,-654.10754,1374.2589,54.9
-1506801,-401003,720.56884765625,-654.5765,1376.9441,55.0
-1506881,-401062,720.56884765625,-654.5765,1376.9441,55.1
-1506962,-401122,720.56884765625,-654.5765,1376.9441,55.2
-1507041,-401182,722.9022216796875,-643.7163,1372.0394,55.3
-1507120,-401244,723.1801147460938,-643.7163,1372.0394,55.4
-1507199,-401305,723.1801147460938,-643.7163,1372.0394,55.5
-1507279,-401365,724.1513671875,-643.7163,1372.0394,55.6
-1507361,-401423,723.2730102539062,-643.7163,1372.0394,55.7
-1507442,-401481,722.232177734375,-643.7163,1372.0394,55.8
-1507525,-401537,722.232177734375,-641.5947,1365.8884,55.9
-1507608,-401593,719.1045532226562,-641.5947,1365.8884,56.0
-1507691,-401649,717.6436157226562,-641.5947,1365.8884,56.1
-1507774,-401704,717.6436157226562,-641.5947,1365.8884,56.2
-1507858,-401758,712.7691650390625,-641.5947,1365.8884,56.3
-1507942,-401813,710.8338012695312,-641.5947,1365.8884,56.4
-1508025,-401868,704.9982299804688,-645.3582,1358.317,56.5
-1508109,-401922,704.9982299804688,-645.3582,1358.317,56.6
-1508194,-401976,704.9982299804688,-645.3582,1358.317,56.7
-1508278,-402030,696.2015380859375,-649.4041,1357.3208,56.8
-1508362,-402084,696.2015380859375,-649.4041,1357.3208,56.9
-1508446,-402138,688.5308837890625,-649.4041,1357.3208,57.0
-1508530,-402192,688.5308837890625,-656.5595,1348.8563,57.1
-1508615,-402245,680.8366088867188,-656.5595,1348.8563,57.2
-1508699,-402299,680.8366088867188,-656.5595,1348.8563,57.3
-1508784,-402352,680.8366088867188,-656.5595,1348.8563,57.4
-1508868,-402406,675.6622924804688,-656.5595,1348.8563,57.5
-1508952,-402461,675.6622924804688,-656.5595,1348.8563,57.6
-1509035,-402516,673.7117309570312,-659.2534,1338.8081,57.7
-1509118,-402572,673.7117309570312,-659.2534,1338.8081,57.8
-1509202,-402627,673.4127807617188,-659.2534,1338.8081,57.9
-1509284,-402683,673.4127807617188,-659.2534,1338.8081,58.0
-1509367,-402739,673.4127807617188,-659.2534,1338.8081,58.1
-1509448,-402798,674.4473876953125,-659.2534,1338.8081,58.2
-1509530,-402855,672.9711303710938,-651.51917,1329.593,58.3
-1509612,-402912,674.2535400390625,-651.51917,1329.593,58.4
-1509695,-402969,674.2535400390625,-651.51917,1329.593,58.5
-1509775,-403028,672.034423828125,-653.5112,1328.5247,58.6
-1509856,-403087,673.7658081054688,-653.5112,1328.5247,58.7
-1509937,-403146,673.7658081054688,-653.5112,1328.5247,58.8
-1510018,-403205,673.0084838867188,-642.7165,1318.97,58.9
-1510098,-403264,673.0084838867188,-642.7165,1318.97,59.0
-1510181,-403321,673.0084838867188,-642.7165,1318.97,59.1
-1510262,-403379,674.466552734375,-642.7165,1318.97,59.2
-1510343,-403437,672.5960083007812,-642.7165,1318.97,59.3
-1510425,-403494,673.4070434570312,-642.7165,1318.97,59.4
-1510506,-403553,673.4070434570312,-635.92377,1309.0447,59.5
-1510588,-403610,671.222900390625,-635.92377,1309.0447,59.6
-1510669,-403669,672.1343994140625,-635.92377,1309.0447,59.7
-1510751,-403727,672.1343994140625,-635.92377,1309.0447,59.8
-1510832,-403786,672.9071044921875,-635.92377,1309.0447,59.9
-1510913,-403844,670.0407104492188,-635.92377,1309.0447,60.0
-1510994,-403902,670.0407104492188,-635.92377,1309.0447,60.1
-1511075,-403961,670.6166381835938,-624.07007,1298.7177,60.2
-1511157,-404019,667.7125244140625,-631.3461,1299.5443,60.3
-1511238,-404077,667.6624145507812,-631.3461,1299.5443,60.4
-1511319,-404136,667.6624145507812,-631.3461,1299.5443,60.5
-1511400,-404195,667.6624145507812,-631.3461,1299.5443,60.6
-1511480,-404254,664.1350708007812,-631.3461,1299.5443,60.7
-1511561,-404312,664.1350708007812,-621.10364,1288.5173,60.8
-1511642,-404371,663.1505737304688,-621.10364,1288.5173,60.9
-1511722,-404431,660.6943359375,-621.10364,1288.5173,61.0
-1511803,-404490,660.2305908203125,-621.10364,1288.5173,61.1
-1511883,-404550,660.2305908203125,-629.6944,1290.0125,61.2
-1511965,-404608,658.0625,-629.6944,1290.0125,61.3
-1512045,-404667,657.8963012695312,-617.5213,1278.1396,61.4
-1512126,-404726,657.8963012695312,-617.5213,1278.1396,61.5
-1512206,-404786,658.2514038085938,-617.5213,1278.1396,61.6
-1512286,-404846,656.6485595703125,-617.5213,1278.1396,61.7
-1512367,-404904,656.6485595703125,-617.5213,1278.1396,61.8
-1512447,-404964,656.1647338867188,-617.5213,1278.1396,61.9
-1512528,-405023,654.1404418945312,-615.614,1269.105,62.0
-1512609,-405082,652.6160888671875,-615.614,1269.105,62.1
-1512691,-405140,652.6160888671875,-615.614,1269.105,62.2
-1512772,-405199,652.6160888671875,-615.614,1269.105,62.3
-1512852,-405258,646.28955078125,-615.614,1269.105,62.4
-1512934,-405315,646.28955078125,-615.614,1269.105,62.5
-1513017,-405372,642.400390625,-610.49396,1256.2993,62.6
-1513099,-405428,638.224365234375,-610.49396,1256.2993,62.7
-1513182,-405484,638.224365234375,-610.49396,1256.2993,62.8
-1513266,-405539,633.93115234375,-630.1902,1263.5538,62.9
-1513348,-405596,633.93115234375,-630.1902,1263.5538,63.0
-1513431,-405652,626.8497924804688,-630.1902,1263.5538,63.1
-1513514,-405708,626.8497924804688,-623.33954,1251.2552,63.2
-1513596,-405764,626.8497924804688,-623.33954,1251.2552,63.3
-1513679,-405821,622.2697143554688,-623.33954,1251.2552,63.4
-1513760,-405879,622.2697143554688,-623.33954,1251.2552,63.5
-1513842,-405936,621.6287841796875,-623.33954,1251.2552,63.6
-1513925,-405993,621.6287841796875,-623.33954,1251.2552,63.7
-1514007,-406050,622.1412963867188,-620.8044,1250.8391,63.8
-1514089,-406107,622.1412963867188,-620.8044,1250.8391,63.9
-1514169,-406166,622.1412963867188,-620.8044,1250.8391,64.0
-1514250,-406226,624.0400390625,-620.8044,1250.8391,64.1
-1514331,-406284,624.0400390625,-620.8044,1250.8391,64.2
-1514412,-406343,623.3840942382812,-620.8044,1250.8391,64.3
-1514493,-406402,626.1740112304688,-620.8044,1250.8391,64.4
-1514574,-406460,626.1740112304688,-609.42554,1241.2238,64.5
-1514656,-406518,624.7525634765625,-616.6105,1252.4585,64.6
-1514737,-406576,624.7525634765625,-616.6105,1252.4585,64.7
-1514818,-406635,623.7622680664062,-616.6105,1252.4585,64.8
-1514899,-406694,623.7622680664062,-616.6105,1252.4585,64.9
-1514979,-406754,623.7622680664062,-616.6105,1252.4585,65.0
-1515059,-406813,619.4649658203125,-618.7776,1246.1276,65.1
-1515141,-406871,619.4649658203125,-618.7776,1246.1276,65.2
-1515221,-406930,613.4187622070312,-618.7776,1246.1276,65.3
-1515303,-406988,613.4187622070312,-618.7776,1246.1276,65.4
-1515386,-407043,612.0855712890625,-626.8323,1251.0311,65.5
-1515470,-407098,604.4701538085938,-626.8323,1251.0311,65.6
-1515555,-407151,604.4701538085938,-638.56146,1246.6997,65.7
-1515640,-407204,595.4287109375,-638.56146,1246.6997,65.8
-1515724,-407258,595.4287109375,-638.56146,1246.6997,65.9
-1515809,-407311,586.0178833007812,-638.56146,1246.6997,66.0
-1515894,-407363,586.0178833007812,-638.56146,1246.6997,66.1
-1515979,-407415,585.9539184570312,-638.56146,1246.6997,66.2
-1516065,-407467,575.72705078125,-657.871,1244.2983,66.3
-1516150,-407519,575.72705078125,-652.22955,1238.505,66.4
-1516236,-407570,566.9010620117188,-652.22955,1238.505,66.5
-1516322,-407622,566.7454223632812,-652.22955,1238.505,66.6
-1516406,-407675,560.4426879882812,-652.22955,1238.505,66.7
-1516491,-407729,560.4426879882812,-652.22955,1238.505,66.8
-1516574,-407784,560.4426879882812,-668.4838,1233.9324,66.9
-1516657,-407840,558.105224609375,-668.4838,1233.9324,67.0
-1516740,-407896,558.105224609375,-668.4838,1233.9324,67.1
-1516821,-407954,560.31591796875,-668.4838,1233.9324,67.2
-1516904,-408010,559.1053466796875,-660.77606,1224.0137,67.3
-1516986,-408067,559.1053466796875,-660.77606,1224.0137,67.4
-1517069,-408123,562.1400146484375,-657.8131,1221.5897,67.5
-1517151,-408180,562.1400146484375,-657.8131,1221.5897,67.6
-1517233,-408237,563.4319458007812,-657.8131,1221.5897,67.7
-1517316,-408294,563.4319458007812,-657.8131,1221.5897,67.8
-1517397,-408352,563.4319458007812,-657.8131,1221.5897,67.9
-1517479,-408409,563.8017578125,-657.8131,1221.5897,68.0
-1517562,-408465,563.8017578125,-656.9946,1226.3533,68.1
-1517644,-408522,564.7477416992188,-660.8008,1225.6917,68.2
-1517726,-408579,564.7477416992188,-660.8008,1225.6917,68.3
-1517806,-408639,561.8433837890625,-660.8008,1225.6917,68.4
-1517889,-408696,561.8433837890625,-660.8008,1225.6917,68.5
-1517971,-408753,561.8433837890625,-660.8008,1225.6917,68.6
-1518053,-408810,556.1839599609375,-680.4092,1241.477,68.7
-1518134,-408868,556.1839599609375,-680.4092,1241.477,68.8
-1518215,-408927,552.799072265625,-680.4092,1241.477,68.9
-1518297,-408985,552.799072265625,-680.4092,1241.477,69.0
-1518378,-409043,548.61279296875,-694.0924,1244.898,69.1
-1518459,-409101,545.364013671875,-694.0924,1244.898,69.2
-1518541,-409158,545.364013671875,-719.1218,1261.2992,69.3
-1518623,-409216,539.2412719726562,-719.1218,1261.2992,69.4
-1518704,-409274,539.2412719726562,-719.1218,1261.2992,69.5
-1518785,-409333,539.2412719726562,-719.1218,1261.2992,69.6
-1518865,-409393,538.8931274414062,-719.1218,1261.2992,69.7
-1518944,-409454,535.0991821289062,-719.1218,1261.2992,69.8
-1519024,-409514,536.7149658203125,-735.964,1268.6212,69.9
-1519103,-409575,536.7149658203125,-735.964,1268.6212,70.0
-1519182,-409636,533.25341796875,-735.964,1268.6212,70.1
-1519261,-409698,535.3072509765625,-735.964,1268.6212,70.2
-1519341,-409758,535.3072509765625,-735.964,1268.6212,70.3
-1519422,-409816,533.7356567382812,-735.964,1268.6212,70.4
-1519501,-409878,533.7356567382812,-732.75916,1270.3453,70.5
-1519580,-409939,533.7356567382812,-732.75916,1270.3453,70.6
-1519659,-410000,531.3692016601562,-735.04456,1264.3873,70.7
-1519737,-410063,531.3692016601562,-735.04456,1264.3873,70.8
-1519815,-410125,531.123291015625,-735.04456,1264.3873,70.9
-1519893,-410188,531.123291015625,-735.04456,1264.3873,71.0
-1519972,-410249,528.015380859375,-735.04456,1264.3873,71.1
-1520051,-410310,526.9279174804688,-732.66327,1263.3557,71.2
-1520130,-410372,526.9279174804688,-732.66327,1263.3557,71.3
-1520210,-410432,523.2505493164062,-732.66327,1263.3557,71.4
-1520289,-410493,523.2505493164062,-732.66327,1263.3557,71.5
-1520368,-410554,523.2505493164062,-727.6621,1258.8828,71.6
-1520447,-410615,522.9879760742188,-727.6621,1258.8828,71.7
-1520528,-410674,522.9879760742188,-721.8918,1256.9607,71.8
-1520610,-410732,522.4210205078125,-721.8918,1256.9607,71.9
-1520692,-410789,522.4210205078125,-721.8918,1256.9607,72.0
-1520775,-410845,526.8663940429688,-721.8918,1256.9607,72.1
-1520860,-410898,526.68994140625,-721.8918,1256.9607,72.2
-1520944,-410952,526.68994140625,-721.8918,1256.9607,72.3
-1521028,-411006,533.0198364257812,-699.6666,1250.2395,72.4
-1521113,-411059,533.0198364257812,-699.6666,1250.2395,72.5
-1521198,-411111,533.0198364257812,-699.6666,1250.2395,72.6
-1521283,-411164,531.9248046875,-699.6666,1250.2395,72.7
-1521367,-411218,537.40576171875,-699.6666,1250.2395,72.8
-1521452,-411271,535.899169921875,-699.6666,1250.2395,72.9
-1521537,-411324,535.899169921875,-705.6752,1251.1941,73.0
-1521621,-411378,535.9202880859375,-705.6752,1251.1941,73.1
-1521707,-411429,538.3284912109375,-705.6752,1251.1941,73.2
-1521793,-411480,538.3284912109375,-705.6752,1251.1941,73.3
-1521879,-411531,537.96435546875,-700.3606,1249.022,73.4
-1521966,-411581,537.96435546875,-700.3606,1249.022,73.5
-1522052,-411631,537.6048583984375,-707.2715,1249.6407,73.6
-1522138,-411682,537.6048583984375,-707.2715,1249.6407,73.7
-1522226,-411731,536.5013427734375,-707.2715,1249.6407,73.8
-1522312,-411781,536.5013427734375,-707.2715,1249.6407,73.9
-1522399,-411830,534.7871704101562,-707.2715,1249.6407,74.0
-1522487,-411878,532.48876953125,-707.2715,1249.6407,74.1
-1522575,-411925,532.48876953125,-700.925,1238.149,74.2
-1522663,-411974,530.0192260742188,-700.925,1238.149,74.3
-1522750,-412022,527.9908447265625,-701.4525,1233.95,74.4
-1522837,-412071,525.1381225585938,-701.4525,1233.95,74.5
-1522925,-412120,525.1381225585938,-701.4525,1233.95,74.6
-1523013,-412166,521.9286499023438,-696.67505,1223.1765,74.7
-1523102,-412213,521.0045166015625,-696.67505,1223.1765,74.8
-1523189,-412261,521.0045166015625,-696.67505,1223.1765,74.9
-1523277,-412309,517.0226440429688,-696.67505,1223.1765,75.0
-1523365,-412357,517.0226440429688,-696.67505,1223.1765,75.1
-1523453,-412404,512.1890869140625,-696.67505,1223.1765,75.2
-1523541,-412451,512.1890869140625,-694.438,1212.294,75.3
-1523630,-412498,507.2724304199219,-694.438,1212.294,75.4
-1523719,-412544,507.2724304199219,-688.73267,1205.9034,75.5
-1523808,-412589,500.9898376464844,-688.73267,1205.9034,75.6
-1523897,-412634,501.2930603027344,-688.73267,1205.9034,75.7
-1523986,-412679,501.2930603027344,-688.73267,1205.9034,75.8
-1524076,-412724,495.2455749511719,-690.4443,1195.115,75.9
-1524165,-412770,495.2455749511719,-690.4443,1195.115,76.0
-1524253,-412816,492.0166931152344,-690.4443,1195.115,76.1
-1524342,-412862,492.0166931152344,-690.4443,1195.115,76.2
-1524432,-412907,490.77008056640625,-690.4443,1195.115,76.3
-1524520,-412953,490.77008056640625,-686.6439,1184.836,76.4
-1524610,-412998,491.3544921875,-686.6439,1184.836,76.5
-1524699,-413043,495.06134033203125,-668.05554,1174.7842,76.6
-1524788,-413088,495.06134033203125,-668.05554,1174.7842,76.7
-1524878,-413133,496.5946350097656,-668.05554,1174.7842,76.8
-1524966,-413180,496.5946350097656,-668.05554,1174.7842,76.9
-1525055,-413226,499.1996154785156,-656.7351,1163.0558,77.0
-1525143,-413273,499.1996154785156,-656.7351,1163.0558,77.1
-1525231,-413320,498.0761413574219,-656.7351,1163.0558,77.2
-1525318,-413369,498.0761413574219,-656.7351,1163.0558,77.3
-1525407,-413416,492.87908935546875,-656.7351,1163.0558,77.4
-1525494,-413464,492.87908935546875,-656.7351,1163.0558,77.5
-1525583,-413511,492.87908935546875,-649.90967,1140.4757,77.6
-1525671,-413558,488.1803894042969,-649.90967,1140.4757,77.7
-1525759,-413606,483.53228759765625,-649.90967,1140.4757,77.8
-1525848,-413651,477.4297790527344,-649.90967,1140.4757,77.9
-1525937,-413696,477.4297790527344,-649.90967,1140.4757,78.0
-1526027,-413741,471.7221374511719,-656.78076,1129.3936,78.1
-1526116,-413786,471.7221374511719,-656.78076,1129.3936,78.2
-1526206,-413830,460.2166442871094,-656.78076,1129.3936,78.3
-1526295,-413875,460.2166442871094,-656.78076,1129.3936,78.4
-1526384,-413921,460.2166442871094,-656.78076,1129.3936,78.5
-1526473,-413966,455.2559509277344,-656.78076,1129.3936,78.6
-1526563,-414010,449.9071960449219,-658.8602,1108.2526,78.7
-1526653,-414054,445.001953125,-658.8602,1108.2526,78.8
-1526742,-414099,445.001953125,-658.8602,1108.2526,78.9
-1526831,-414144,441.01519775390625,-658.8602,1108.2526,79.0
-1526921,-414189,441.01519775390625,-658.8602,1108.2526,79.1
-1527010,-414234,434.5875549316406,-664.5757,1105.6027,79.2
-1527099,-414279,434.5875549316406,-664.5757,1105.6027,79.3
-1527189,-414324,434.5875549316406,-664.5757,1105.6027,79.4
-1527278,-414369,432.5855407714844,-664.5757,1105.6027,79.5
-1527367,-414414,433.0362854003906,-664.5757,1105.6027,79.6
-1527456,-414461,432.92327880859375,-664.5757,1105.6027,79.7
-1527545,-414507,432.92327880859375,-650.6019,1096.2644,79.8
-1527633,-414553,432.8725280761719,-650.6019,1096.2644,79.9
-1527722,-414599,432.8725280761719,-650.6019,1096.2644,80.0
-1527810,-414646,434.92340087890625,-650.6019,1096.2644,80.1
-1527900,-414691,434.92340087890625,-650.6019,1096.2644,80.2
-1527989,-414736,434.92340087890625,-650.6019,1096.2644,80.3
-1528079,-414780,431.8291320800781,-658.7388,1100.8036,80.4
-1528169,-414824,433.1329040527344,-658.7388,1100.8036,80.5
-1528259,-414868,426.9443664550781,-658.7388,1100.8036,80.6
-1528349,-414911,426.9443664550781,-658.7388,1100.8036,80.7
-1528440,-414953,417.8326416015625,-658.7388,1100.8036,80.8
-1528531,-414994,417.8326416015625,-683.4322,1107.4865,80.9
-1528621,-415036,404.3944091796875,-683.6797,1099.1373,81.0
-1528713,-415077,404.3944091796875,-683.6797,1099.1373,81.1
-1528804,-415117,392.0922546386719,-683.6797,1099.1373,81.2
-1528896,-415157,392.0922546386719,-683.6797,1099.1373,81.3
-1528987,-415198,392.0922546386719,-683.6797,1099.1373,81.4
-1529078,-415239,375.38238525390625,-722.1041,1107.8098,81.5
-1529170,-415278,375.38238525390625,-722.1041,1107.8098,81.6
-1529263,-415316,364.181396484375,-722.1041,1107.8098,81.7
-1529355,-415355,364.181396484375,-722.1041,1107.8098,81.8
-1529447,-415395,356.7586669921875,-722.1041,1107.8098,81.9
-1529539,-415433,355.3636169433594,-755.48444,1118.4342,82.0
-1529631,-415473,356.6943054199219,-755.48444,1118.4342,82.1
-1529722,-415513,356.6943054199219,-748.6176,1109.7715,82.2
-1529813,-415556,364.36590576171875,-748.6176,1109.7715,82.3
-1529902,-415602,366.44989013671875,-748.6176,1109.7715,82.4
-1529988,-415653,366.44989013671875,-748.6176,1109.7715,82.5
-1530072,-415707,378.3431396484375,-738.99927,1122.454,82.6
-1530152,-415767,378.3431396484375,-738.99927,1122.454,82.7
-1530232,-415827,393.3262023925781,-738.99927,1122.454,82.8
-1530307,-415893,393.3262023925781,-738.99927,1122.454,82.9
-1530380,-415961,393.3262023925781,-738.99927,1122.454,83.0
-1530457,-416024,404.9148864746094,-726.0148,1114.4563,83.1
-1530541,-416079,404.9148864746094,-714.0115,1125.1205,83.2
-1530628,-416129,412.365478515625,-714.0115,1125.1205,83.3
-1530715,-416177,412.365478515625,-714.0115,1125.1205,83.4
-1530803,-416226,413.9551696777344,-714.0115,1125.1205,83.5
-1530889,-416277,413.9551696777344,-714.0115,1125.1205,83.6
-1530975,-416327,413.9551696777344,-714.0115,1125.1205,83.7
-1531062,-416376,415.3146057128906,-715.2366,1133.5723,83.8
-1531150,-416425,410.14324951171875,-715.2366,1133.5723,83.9
-1531236,-416476,408.653564453125,-715.2366,1133.5723,84.0
-1531322,-416527,408.653564453125,-722.1415,1124.2247,84.1
-1531408,-416578,405.55975341796875,-722.1415,1124.2247,84.2
-1531494,-416629,398.4029235839844,-722.1415,1124.2247,84.3
-1531580,-416679,398.4029235839844,-737.4075,1131.5635,84.4
-1531666,-416731,393.74871826171875,-737.4075,1131.5635,84.5
-1531752,-416782,393.74871826171875,-737.4075,1131.5635,84.6
-1531838,-416833,380.08489990234375,-737.4075,1131.5635,84.7
-1531924,-416884,380.08489990234375,-737.4075,1131.5635,84.8
-1532010,-416935,374.15618896484375,-753.339,1134.797,84.9
-1532096,-416986,374.15618896484375,-753.339,1134.797,85.0
-1532181,-417038,365.85943603515625,-767.0313,1127.8013,85.1
-1532267,-417090,360.2645568847656,-767.0313,1127.8013,85.2
-1532353,-417141,360.2645568847656,-767.0313,1127.8013,85.3
-1532438,-417193,354.8040771484375,-767.0313,1127.8013,85.4
-1532524,-417244,347.45263671875,-780.90845,1130.522,85.5
-1532611,-417294,342.82244873046875,-780.90845,1130.522,85.6
-1532697,-417345,342.82244873046875,-780.90845,1130.522,85.7
-1532783,-417395,342.82244873046875,-780.90845,1130.522,85.8
-1532869,-417446,333.7999572753906,-780.90845,1130.522,85.9
-1532955,-417497,333.7999572753906,-780.90845,1130.522,86.0
-1533041,-417548,331.22100830078125,-791.8635,1127.1879,86.1
-1533127,-417599,331.22100830078125,-791.8635,1127.1879,86.2
-1533213,-417650,325.8491516113281,-791.8635,1127.1879,86.3
-1533300,-417700,325.8491516113281,-791.8635,1127.1879,86.4
-1533386,-417751,325.8491516113281,-791.8635,1127.1879,86.5
-1533473,-417801,323.5697937011719,-791.8635,1127.1879,86.6
-1533559,-417852,323.5697937011719,-791.4215,1124.8492,86.7
-1533645,-417903,322.5938415527344,-791.4215,1124.8492,86.8
-1533731,-417954,322.5938415527344,-791.4215,1124.8492,86.9
-1533817,-418005,323.389892578125,-774.3089,1116.9155,87.0
-1533903,-418055,323.389892578125,-774.3089,1116.9155,87.1
-1533989,-418106,323.389892578125,-774.3089,1116.9155,87.2
-1534076,-418156,322.3824462890625,-770.57336,1114.6863,87.3
-1534162,-418207,327.80078125,-770.57336,1114.6863,87.4
-1534248,-418259,327.0278625488281,-770.57336,1114.6863,87.5
-1534333,-418311,327.0278625488281,-770.57336,1114.6863,87.6
-1534418,-418364,326.4065246582031,-770.57336,1114.6863,87.7
-1534503,-418417,334.24090576171875,-769.2661,1113.418,87.8
-1534587,-418471,334.24090576171875,-769.2661,1113.418,87.9
-1534670,-418526,334.2300109863281,-743.1837,1099.8159,88.0
-1534754,-418581,334.2300109863281,-743.1837,1099.8159,88.1
-1534837,-418637,341.1595764160156,-743.1837,1099.8159,88.2
-1534918,-418695,341.1595764160156,-743.1837,1099.8159,88.3
-1534999,-418754,341.1595764160156,-743.1837,1099.8159,88.4
-1535080,-418812,345.5227355957031,-740.82764,1097.0383,88.5
-1535162,-418870,345.5227355957031,-740.82764,1097.0383,88.6
-1535243,-418929,346.6677551269531,-740.82764,1097.0383,88.7
-1535324,-418987,346.6677551269531,-740.82764,1097.0383,88.8
-1535404,-419046,349.6982421875,-719.5492,1076.2777,88.9
-1535485,-419105,349.6982421875,-719.5492,1076.2777,89.0
-1535567,-419163,349.6982421875,-715.62415,1073.5465,89.1
-1535648,-419221,349.863525390625,-715.62415,1073.5465,89.2
-1535728,-419281,349.863525390625,-715.62415,1073.5465,89.3
-1535809,-419340,349.28314208984375,-715.62415,1073.5465,89.4
-1535890,-419399,349.28314208984375,-715.62415,1073.5465,89.5
-1535971,-419457,346.8638610839844,-715.62415,1073.5465,89.6
-1536054,-419514,345.2736511230469,-702.5885,1046.6588,89.7
-1536135,-419572,345.2736511230469,-702.5885,1046.6588,89.8
-1536217,-419629,339.5126953125,-702.5885,1046.6588,89.9
-1536299,-419686,339.5126953125,-702.5885,1046.6588,90.0
-1536381,-419743,339.5126953125,-702.5885,1046.6588,90.1
-1536464,-419800,326.9117736816406,-702.5885,1046.6588,90.2
-1536546,-419857,326.9117736816406,-708.662,1043.0239,90.3
-1536629,-419913,319.8529968261719,-708.662,1043.0239,90.4
-1536711,-419970,319.8529968261719,-708.662,1043.0239,90.5
-1536793,-420027,311.7393493652344,-698.6117,1017.8029,90.6
-1536874,-420085,304.0524597167969,-698.6117,1017.8029,90.7
-1536957,-420142,304.0524597167969,-698.6117,1017.8029,90.8
-1537038,-420200,289.8690490722656,-712.16174,1013.99,90.9
-1537119,-420259,289.8690490722656,-712.16174,1013.99,91.0
-1537200,-420318,289.8690490722656,-712.16174,1013.99,91.1
-1537280,-420378,284.05316162109375,-712.16174,1013.99,91.2
-1537359,-420439,283.22186279296875,-712.16174,1013.99,91.3
-1537438,-420500,283.6145324707031,-690.0671,991.1914,91.4
-1537516,-420562,283.6145324707031,-690.8519,990.7607,91.5
-1537594,-420625,286.3978271484375,-690.8519,990.7607,91.6
-1537671,-420689,289.2630920410156,-690.8519,990.7607,91.7
-1537748,-420753,289.2630920410156,-690.8519,990.7607,91.8
-1537824,-420818,291.98858642578125,-690.8519,990.7607,91.9
-1537900,-420882,291.98858642578125,-690.8519,990.7607,92.0
-1537976,-420948,291.98858642578125,-690.8519,990.7607,92.1
-1538052,-421013,290.471923828125,-677.7998,970.7514,92.2
-1538128,-421078,290.471923828125,-677.7998,970.7514,92.3
-1538204,-421143,289.34368896484375,-677.7998,970.7514,92.4
-1538280,-421207,284.1096496582031,-677.7998,970.7514,92.5
-1538356,-421272,284.1096496582031,-677.7998,970.7514,92.6
-1538433,-421336,284.32177734375,-677.7998,970.7514,92.7
-1538509,-421400,281.3168029785156,-678.1889,971.79974,92.8
-1538587,-421464,281.3168029785156,-678.1889,971.79974,92.9
-1538664,-421527,281.2218017578125,-664.9931,950.31665,93.0
-1538742,-421589,281.2218017578125,-664.9931,950.31665,93.1
-1538820,-421652,274.3407287597656,-664.9931,950.31665,93.2
-1538900,-421713,274.3407287597656,-664.9931,950.31665,93.3
-1538979,-421774,274.3407287597656,-664.9931,950.31665,93.4
-1539058,-421834,258.0999755859375,-677.0709,948.32574,93.5
-1539137,-421896,258.0999755859375,-677.0709,948.32574,93.6
-1539216,-421957,243.5969696044922,-677.0709,948.32574,93.7
-1539296,-422017,233.51808166503906,-686.276,928.58563,93.8
-1539376,-422077,233.51808166503906,-686.276,928.58563,93.9
-1539456,-422137,217.54519653320312,-686.276,928.58563,94.0
-1539535,-422198,217.54519653320312,-720.2047,926.88776,94.1
-1539615,-422258,191.45457458496094,-720.2047,926.88776,94.2
-1539693,-422321,191.45457458496094,-720.2047,926.88776,94.3
-1539770,-422384,191.45457458496094,-720.2047,926.88776,94.4
-1539846,-422449,178.13653564453125,-720.2047,926.88776,94.5
-1539921,-422516,178.13653564453125,-727.3118,910.3781,94.6
-1539993,-422585,178.13653564453125,-727.3118,910.3781,94.7
-1540063,-422656,183.4771728515625,-720.86066,915.33466,94.8
-1540134,-422728,183.4771728515625,-720.86066,915.33466,94.9
-1540199,-422803,185.9277801513672,-720.86066,915.33466,95.0
-1540263,-422880,199.60040283203125,-720.86066,915.33466,95.1
-1540324,-422959,199.60040283203125,-720.86066,915.33466,95.2
-1540386,-423038,203.3061065673828,-704.82544,904.2256,95.3
-1540447,-423117,216.58688354492188,-704.82544,904.2256,95.4
-1540508,-423197,216.58688354492188,-678.87256,912.18005,95.5
-1540568,-423276,218.96884155273438,-678.87256,912.18005,95.6
-1540631,-423354,227.98202514648438,-678.87256,912.18005,95.7
-1540692,-423434,227.1537628173828,-678.87256,912.18005,95.8
-1540754,-423512,227.1537628173828,-676.81494,904.65076,95.9
-1540816,-423591,230.83697509765625,-676.81494,904.65076,96.0
-1540881,-423667,227.74122619628906,-676.81494,904.65076,96.1
-1540946,-423743,227.74122619628906,-676.81494,904.65076,96.2
-1541012,-423817,222.69200134277344,-678.65924,914.01434,96.3
-1541081,-423889,222.69200134277344,-678.65924,914.01434,96.4
-1541153,-423959,222.69200134277344,-678.65924,914.01434,96.5
-1541224,-424029,214.16189575195312,-684.70044,910.31213,96.6
-1541297,-424097,214.16189575195312,-684.70044,910.31213,96.7
-1541372,-424165,214.16189575195312,-684.70044,910.31213,96.8
-1541446,-424231,204.49888610839844,-684.70044,910.31213,96.9
-1541521,-424298,204.49888610839844,-697.8478,914.5581,97.0
-1541594,-424365,204.49888610839844,-697.8478,914.5581,97.1
-1541668,-424434,196.17352294921875,-697.8478,914.5581,97.2
-1541741,-424501,196.17352294921875,-699.66675,913.67975,97.3
-1541814,-424569,192.0260009765625,-699.66675,913.67975,97.4
-1541887,-424638,191.90403747558594,-699.66675,913.67975,97.5
-1541960,-424706,191.90403747558594,-699.66675,913.67975,97.6
-1542033,-424774,192.2012939453125,-703.6907,911.9337,97.7
-1542107,-424842,193.0918426513672,-703.6907,911.9337,97.8
-1542180,-424910,193.0918426513672,-703.6907,911.9337,97.9
-1542253,-424978,197.5054473876953,-703.6907,911.9337,98.0
-1542326,-425047,197.52748107910156,-698.912,910.06915,98.1
-1542401,-425114,202.25021362304688,-698.912,910.06915,98.2
-1542475,-425180,202.25021362304688,-698.912,910.06915,98.3
-1542550,-425246,200.5301055908203,-690.8594,904.548,98.4
-1542625,-425312,201.9547576904297,-690.8594,904.548,98.5
-1542700,-425378,201.9547576904297,-690.8594,904.548,98.6
-1542776,-425443,199.16616821289062,-690.8594,904.548,98.7
-1542855,-425506,197.7195281982422,-690.5696,902.3487,98.8
-1542933,-425567,197.7195281982422,-690.5696,902.3487,98.9
-1543012,-425629,190.70457458496094,-689.24054,894.63116,99.0
-1543091,-425690,190.70457458496094,-689.24054,894.63116,99.1
-1543171,-425751,190.70457458496094,-689.24054,894.63116,99.2
-1543250,-425812,182.39830017089844,-689.24054,894.63116,99.3
-1543329,-425872,182.39830017089844,-689.24054,894.63116,99.4
-1543408,-425934,175.70387268066406,-689.24054,894.63116,99.5
-1543488,-425994,175.70387268066406,-689.24054,894.63116,99.6
-1543567,-426055,175.29554748535156,-688.5183,883.8165,99.7
-1543646,-426116,168.6343536376953,-688.5183,883.8165,99.8
-1543725,-426177,168.6343536376953,-688.5183,883.8165,99.9
-1543805,-426238,163.19810485839844,-688.5183,883.8165,100.0
-1543884,-426299,163.19810485839844,-688.5183,883.8165,100.1
-1543963,-426360,163.19810485839844,-688.5183,883.8165,100.2
-1544042,-426421,158.5471649169922,-694.4104,872.5828,100.3
-1544122,-426481,158.5471649169922,-694.4104,872.5828,100.4
-1544202,-426541,150.69378662109375,-688.16095,871.6817,100.5
-1544283,-426600,153.2690887451172,-688.16095,871.6817,100.6
-1544364,-426659,153.2690887451172,-688.16095,871.6817,100.7
-1544445,-426718,146.3314666748047,-688.16095,871.6817,100.8
-1544525,-426777,146.3314666748047,-696.7237,860.7267,100.9
-1544607,-426835,142.566162109375,-696.7237,860.7267,101.0
-1544687,-426895,142.566162109375,-696.7237,860.7267,101.1
-1544767,-426955,142.566162109375,-696.7237,860.7267,101.2
-1544846,-427016,140.6299591064453,-697.1007,861.31415,101.3
-1544926,-427076,140.6299591064453,-697.1007,861.31415,101.4
-1545005,-427137,139.50082397460938,-694.26,851.3302,101.5
-1545085,-427197,139.50082397460938,-694.26,851.3302,101.6
-1545164,-427258,139.88992309570312,-694.26,851.3302,101.7
-1545244,-427319,141.1167449951172,-694.26,851.3302,101.8
-1545323,-427380,141.1167449951172,-694.26,851.3302,101.9
-1545402,-427441,145.12728881835938,-694.26,851.3302,102.0
-1545482,-427501,145.12728881835938,-695.71906,853.9104,102.1
-1545562,-427561,145.12728881835938,-680.25433,842.8863,102.2
-1545641,-427622,150.75498962402344,-680.25433,842.8863,102.3
-1545721,-427682,150.75498962402344,-680.25433,842.8863,102.4
-1545801,-427742,156.6371612548828,-680.25433,842.8863,102.5
-1545881,-427802,154.99655151367188,-680.25433,842.8863,102.6
-1545963,-427860,154.99655151367188,-680.25433,842.8863,102.7
-1546044,-427919,159.8534698486328,-656.4438,829.4609,102.8
-1546125,-427977,159.8534698486328,-656.4438,829.4609,102.9
-1546206,-428035,159.24136352539062,-661.3923,830.14166,103.0
-1546288,-428093,159.24136352539062,-661.3923,830.14166,103.1
-1546369,-428152,159.24136352539062,-661.3923,830.14166,103.2
-1546450,-428210,155.1295623779297,-661.3923,830.14166,103.3
-1546531,-428269,155.1295623779297,-644.42084,814.0762,103.4
-1546612,-428328,150.5404510498047,-644.42084,814.0762,103.5
-1546693,-428386,150.5404510498047,-644.42084,814.0762,103.6
-1546775,-428443,148.98582458496094,-644.42084,814.0762,103.7
-1546857,-428501,143.4810333251953,-647.3683,813.0874,103.8
-1546940,-428556,143.4810333251953,-647.3683,813.0874,103.9
-1547024,-428611,139.65518188476562,-635.7239,796.24585,104.0
-1547108,-428665,139.65518188476562,-635.7239,796.24585,104.1
-1547192,-428719,139.65518188476562,-635.7239,796.24585,104.2
-1547276,-428773,134.47987365722656,-635.7239,796.24585,104.3
-1547360,-428827,138.2206268310547,-635.7239,796.24585,104.4
-1547445,-428881,134.16680908203125,-635.7239,796.24585,104.5
-1547529,-428935,134.16680908203125,-624.4241,777.1145,104.6
-1547613,-428989,129.0612335205078,-624.4241,777.1145,104.7
-1547696,-429044,134.3995361328125,-619.3658,774.34454,104.8
-1547779,-429101,134.3995361328125,-619.3658,774.34454,104.9
-1547861,-429158,131.23902893066406,-619.3658,774.34454,105.0
-1547943,-429215,134.5924530029297,-619.3658,774.34454,105.1
-1548025,-429272,133.74900817871094,-605.2703,756.79144,105.2
-1548107,-429329,133.74900817871094,-605.2703,756.79144,105.3
-1548189,-429386,133.74900817871094,-605.2703,756.79144,105.4
-1548272,-429443,135.38125610351562,-605.2703,756.79144,105.5
-1548354,-429500,135.38125610351562,-609.6473,752.4891,105.6
-1548436,-429557,136.919677734375,-609.6473,752.4891,105.7
-1548518,-429614,134.38711547851562,-595.9944,738.09924,105.8
-1548600,-429671,134.38711547851562,-595.9944,738.09924,105.9
-1548683,-429727,132.04095458984375,-595.9944,738.09924,106.0
-1548766,-429783,132.04095458984375,-595.9944,738.09924,106.1
-1548849,-429839,120.47699737548828,-595.9944,738.09924,106.2
-1548932,-429895,120.47699737548828,-595.9944,738.09924,106.3
-1549015,-429950,114.56344604492188,-594.2508,724.88074,106.4
-1549099,-430005,105.786865234375,-608.49225,718.3877,106.5
-1549182,-430060,105.786865234375,-608.49225,718.3877,106.6
-1549265,-430116,99.04566192626953,-608.49225,718.3877,106.7
-1549349,-430170,99.04566192626953,-608.49225,718.3877,106.8
-1549433,-430225,82.63507080078125,-608.49225,718.3877,106.9
-1549516,-430280,82.63507080078125,-614.3976,707.3866,107.0
-1549599,-430336,82.63507080078125,-614.3976,707.3866,107.1
-1549683,-430391,75.87863159179688,-614.3976,707.3866,107.2
-1549765,-430447,69.78556060791016,-614.3976,707.3866,107.3
-1549848,-430503,66.6242904663086,-618.7338,701.84265,107.4
-1549931,-430559,66.6242904663086,-618.7338,701.84265,107.5
-1550014,-430615,61.50319290161133,-618.15094,693.07806,107.6
-1550096,-430672,61.50319290161133,-618.15094,693.07806,107.7
-1550178,-430729,61.50319290161133,-618.15094,693.07806,107.8
-1550261,-430786,63.08405685424805,-618.15094,693.07806,107.9
-1550343,-430843,60.4554328918457,-618.15094,693.07806,108.0
-1550425,-430900,64.02301788330078,-618.15094,693.07806,108.1
-1550507,-430957,64.02301788330078,-604.45325,685.13293,108.2
-1550589,-431014,61.96407699584961,-604.3275,680.4982,108.3
-1550671,-431072,66.56367492675781,-604.3275,680.4982,108.4
-1550753,-431129,66.56367492675781,-604.3275,680.4982,108.5
-1550834,-431187,72.4940185546875,-604.3275,680.4982,108.6
-1550917,-431244,71.40192413330078,-604.3275,680.4982,108.7
-1550999,-431301,71.40192413330078,-604.3275,680.4982,108.8
-1551082,-431356,77.7266845703125,-584.36847,674.6977,108.9
-1551165,-431412,75.61888885498047,-584.36847,674.6977,109.0
-1551249,-431467,80.31819915771484,-584.36847,674.6977,109.1
-1551332,-431522,80.31819915771484,-587.5333,669.4599,109.2
-1551416,-431577,82.84996032714844,-587.5333,669.4599,109.3
-1551500,-431631,79.55487060546875,-587.5333,669.4599,109.4
-1551583,-431687,79.55487060546875,-574.70233,664.2445,109.5
-1551667,-431741,79.79949951171875,-574.70233,664.2445,109.6
-1551750,-431796,79.79949951171875,-574.70233,664.2445,109.7
-1551834,-431850,74.82556915283203,-574.70233,664.2445,109.8
-1551919,-431904,74.82556915283203,-574.70233,664.2445,109.9
-1552003,-431958,72.01751708984375,-567.86725,658.06744,110.0
-1552087,-432012,70.48802185058594,-571.385,653.59906,110.1
-1552171,-432066,70.48802185058594,-571.385,653.59906,110.2
-1552256,-432119,67.43756866455078,-571.385,653.59906,110.3
-1552340,-432173,67.43756866455078,-571.385,653.59906,110.4
-1552424,-432228,62.90656280517578,-571.385,653.59906,110.5
-1552509,-432280,62.90656280517578,-567.6719,647.36475,110.6
-1552594,-432333,62.90656280517578,-567.6719,647.36475,110.7
-1552679,-432386,58.60405349731445,-567.6719,647.36475,110.8
-1552764,-432438,58.327945709228516,-567.6719,647.36475,110.9
-1552849,-432491,54.70718765258789,-567.6719,647.36475,111.0
-1552934,-432544,54.70718765258789,-569.99817,641.1091,111.1
-1553019,-432597,51.84849548339844,-564.88965,635.7218,111.2
-1553105,-432648,51.858577728271484,-564.88965,635.7218,111.3
-1553191,-432698,51.858577728271484,-564.88965,635.7218,111.4
-1553277,-432749,49.60585021972656,-564.88965,635.7218,111.5
-1553364,-432799,49.60585021972656,-564.88965,635.7218,111.6
-1553450,-432849,49.741634368896484,-564.88965,635.7218,111.7
-1553537,-432899,49.741634368896484,-560.1113,629.2122,111.8
-1553624,-432948,49.99287033081055,-560.1113,629.2122,111.9
-1553711,-432998,49.99287033081055,-560.1113,629.2122,112.0
-1553798,-433047,52.52445602416992,-546.2091,621.24243,112.1
-1553885,-433097,53.384498596191406,-546.2091,621.24243,112.2
-1553972,-433146,53.384498596191406,-546.2091,621.24243,112.3
-1554059,-433196,56.028072357177734,-538.37085,614.87115,112.4
-1554146,-433245,56.781131744384766,-538.37085,614.87115,112.5
-1554233,-433294,59.540618896484375,-538.37085,614.87115,112.6
-1554321,-433342,59.540618896484375,-538.37085,614.87115,112.7
-1554409,-433389,64.48699951171875,-538.37085,614.87115,112.8
-1554496,-433438,60.70654296875,-538.37085,614.87115,112.9
-1554584,-433486,60.70654296875,-528.92267,607.637,113.0
-1554671,-433535,62.95207595825195,-520.3623,599.18164,113.1
-1554758,-433583,62.95207595825195,-520.3623,599.18164,113.2
-1554846,-433632,57.49595260620117,-520.3623,599.18164,113.3
-1554933,-433681,57.49595260620117,-520.3623,599.18164,113.4
-1555021,-433729,57.230464935302734,-519.95795,587.5686,113.5
-1555108,-433778,57.230464935302734,-519.95795,587.5686,113.6
-1555195,-433828,49.811676025390625,-519.95795,587.5686,113.7
-1555283,-433875,46.5616569519043,-519.95795,587.5686,113.8
-1555370,-433923,46.5616569519043,-519.95795,587.5686,113.9
-1555460,-433968,45.465702056884766,-519.95795,587.5686,114.0
-1555549,-434014,41.268802642822266,-472.64297,529.5454,114.1
-1555639,-434058,44.368751525878906,-472.64297,529.5454,114.2
-1555729,-434102,44.368751525878906,-472.64297,529.5454,114.3
-1555819,-434145,44.49946594238281,-472.64297,529.5454,114.4
-1555909,-434188,44.49946594238281,-472.64297,529.5454,114.5
-1555999,-434232,36.20280075073242,-472.64297,529.5454,114.6
-1556089,-434275,33.356239318847656,-565.00604,551.3721,114.7
-1556180,-434318,33.356239318847656,-565.00604,551.3721,114.8
-1556270,-434361,31.96696662902832,-565.00604,551.3721,114.9
-1556361,-434403,34.95085906982422,-565.00604,551.3721,115.0
-1556451,-434446,41.0113525390625,-565.00604,551.3721,115.1
-1556542,-434488,41.0113525390625,-579.06,535.3395,115.2
-1556632,-434530,40.43094253540039,-599.0496,525.7671,115.3
-1556723,-434572,40.43094253540039,-599.0496,525.7671,115.4
-1556814,-434614,37.2632942199707,-599.0496,525.7671,115.5
-1556904,-434656,37.2632942199707,-599.0496,525.7671,115.6
-1556996,-434697,37.2632942199707,-599.0496,525.7671,115.7
-1557086,-434739,38.17664337158203,-623.8584,488.00952,115.8
-1557178,-434780,38.17664337158203,-623.8584,488.00952,115.9
-1557269,-434821,33.44239044189453,-623.8584,488.00952,116.0
-1557360,-434861,33.44239044189453,-623.8584,488.00952,116.1
-1557452,-434900,28.30060386657715,-623.8584,488.00952,116.2
-1557545,-434939,28.30060386657715,-651.5681,425.03815,116.3
-1557637,-434978,31.43360710144043,-651.5681,425.03815,116.4
-1557729,-435016,32.49665451049805,-670.6398,445.26694,116.5
-1557822,-435054,33.19578170776367,-670.6398,445.26694,116.6
-1557914,-435092,33.19578170776367,-670.6398,445.26694,116.7
-1558007,-435130,30.447710037231445,-699.52563,407.13513,116.8
-1558099,-435167,30.447710037231445,-699.52563,407.13513,116.9
-1558192,-435204,26.918916702270508,-699.52563,407.13513,117.0
-1558285,-435242,26.977479934692383,-699.52563,407.13513,117.1
-1558377,-435280,26.977479934692383,-699.52563,407.13513,117.2
-1558470,-435317,32.508445739746094,-699.52563,407.13513,117.3
-1558563,-435354,32.508445739746094,-715.31177,425.84863,117.4
-1558656,-435391,34.56843566894531,-715.31177,425.84863,117.5
-1558749,-435427,31.672300338745117,-715.31177,425.84863,117.6
-1558842,-435464,23.607421875,-715.31177,425.84863,117.7
-1558935,-435500,23.607421875,-733.85004,374.9357,117.8
-1559029,-435536,15.557299613952637,-742.5874,273.27393,117.9
-1559122,-435572,15.557299613952637,-742.5874,273.27393,118.0
-1559215,-435609,27.279142379760742,-742.5874,273.27393,118.1
-1559308,-435645,27.279142379760742,-742.5874,273.27393,118.2
-1559401,-435681,23.840234756469727,-742.5874,273.27393,118.3
-1559495,-435717,23.840234756469727,-742.5874,273.27393,118.4
-1559588,-435753,23.840234756469727,-745.8814,241.78604,118.5
-1559682,-435788,13.854618072509766,-745.8814,241.78604,118.6
-1559775,-435823,18.92864418029785,-745.8814,241.78604,118.7
-1559870,-435856,26.908864974975586,-745.8814,241.78604,118.8
-1559964,-435890,26.908864974975586,-745.8814,241.78604,118.9
-1560058,-435923,20.95297622680664,-745.158,328.20477,119.0
-1560153,-435956,20.95297622680664,-745.158,328.20477,119.1
-1560247,-435989,9.46192741394043,-745.158,328.20477,119.2
-1560342,-436021,8.517806053161621,-761.9692,236.02951,119.3
-1560436,-436054,30.400489807128906,-761.9692,236.02951,119.4
-1560531,-436086,30.400489807128906,-755.09204,273.35782,119.5
-1560626,-436118,-7.870553016662598,-755.09204,273.35782,119.6
-1560720,-436150,-7.870553016662598,-755.09204,273.35782,119.7
-1560815,-436181,-7.30222225189209,-755.09204,273.35782,119.8
-1560910,-436213,-8.81078052520752,-755.09204,273.35782,119.9
-1561005,-436244,-11.049470901489258,-745.47516,122.746956,120.0
-1561100,-436275,-11.049470901489258,-745.47516,122.746956,120.1
-1561195,-436306,-11.049470901489258,-745.47516,122.746956,120.2
-1561290,-436337,21.49009132385254,-745.47516,122.746956,120.3
-1561386,-436367,21.49009132385254,-745.47516,122.746956,120.4
-1561481,-436398,25.817564010620117,-745.47516,122.746956,120.5
-1561576,-436428,26.310205459594727,-733.9661,408.95435,120.6
-1561672,-436458,24.522424697875977,-733.9661,408.95435,120.7
-1561767,-436489,24.522424697875977,-733.9661,408.95435,120.8
-1561863,-436518,14.63201904296875,-747.3247,410.74805,120.9
-1561958,-436548,14.63201904296875,-747.3247,410.74805,121.0
-1562054,-436577,16.847318649291992,-730.73004,282.15555,121.1
-1562149,-436607,16.862796783447266,-730.73004,282.15555,121.2
-1562245,-436636,21.06126594543457,-730.73004,282.15555,121.3
-1562341,-436665,21.06126594543457,-730.73004,282.15555,121.4
-1562436,-436695,14.485630989074707,-730.73004,282.15555,121.5
-1562532,-436724,14.485630989074707,-713.5865,272.35086,121.6
-1562628,-436752,10.858503341674805,-713.5865,272.35086,121.7
-1562724,-436780,10.858503341674805,-713.5865,272.35086,121.8
-1562820,-436808,20.96717643737793,-713.5865,272.35086,121.9
-1562916,-436836,20.96717643737793,-713.5865,272.35086,122.0
-1563012,-436863,14.461042404174805,-696.9718,297.21448,122.1
-1563108,-436891,14.461042404174805,-696.9718,297.21448,122.2
-1563204,-436918,10.256827354431152,-696.9718,297.21448,122.3
-1563300,-436946,10.256827354431152,-696.9718,297.21448,122.4
-1563397,-436972,10.256827354431152,-696.9718,297.21448,122.5
-1563493,-436999,20.38877296447754,-696.9718,297.21448,122.6
-1563589,-437026,23.155445098876953,-692.10425,354.68134,122.7
-1563686,-437052,22.443462371826172,-692.10425,354.68134,122.8
-1563783,-437078,22.443462371826172,-692.10425,354.68134,122.9
-1563879,-437103,1.5724494457244873,-692.10425,354.68134,123.0
-1563976,-437129,1.5724494457244873,-692.10425,354.68134,123.1
-1564073,-437154,13.171586036682129,-676.82416,325.36996,123.2
-1564169,-437180,13.171586036682129,-676.82416,325.36996,123.3
-1564266,-437206,17.568567276000977,-676.82416,325.36996,123.4
-1564363,-437232,17.568567276000977,-676.82416,325.36996,123.5
-1564459,-437257,9.923839569091797,-676.82416,325.36996,123.6
-1564556,-437282,9.923839569091797,-665.2974,270.0619,123.7
-1564653,-437306,16.795007705688477,-665.2974,270.0619,123.8
-1564751,-437330,16.795007705688477,-665.2974,270.0619,123.9
-1564847,-437355,21.058351516723633,-665.2974,270.0619,124.0
-1564945,-437379,21.058351516723633,-665.2974,270.0619,124.1
-1565042,-437403,18.960866928100586,-656.8345,336.1956,124.2
-1565139,-437428,18.960866928100586,-656.8345,336.1956,124.3
-1565236,-437452,17.391643524169922,-656.8345,336.1956,124.4
-1565333,-437477,17.391643524169922,-656.8345,336.1956,124.5
-1565430,-437501,13.57674503326416,-671.6208,342.32645,124.6
-1565527,-437525,13.57674503326416,-664.86835,297.45624,124.7
-1565624,-437550,14.954408645629883,-664.86835,297.45624,124.8
-1565721,-437574,14.954408645629883,-664.86835,297.45624,124.9
-1565818,-437598,21.6254825592041,-664.86835,297.45624,125.0
-1565915,-437622,22.633441925048828,-664.86835,297.45624,125.1
-1566012,-437646,23.456783294677734,-660.5026,372.34042,125.2
-1566109,-437669,23.456783294677734,-660.5026,372.34042,125.3
-1566207,-437693,20.749801635742188,-660.5026,372.34042,125.4
-1566304,-437716,20.749801635742188,-660.5026,372.34042,125.5
-1566401,-437738,18.234189987182617,-660.5026,372.34042,125.6
-1566499,-437761,18.234189987182617,-660.5026,372.34042,125.7
-1566596,-437784,18.234189987182617,-657.65875,330.34686,125.8
-1566694,-437806,18.7440242767334,-657.65875,330.34686,125.9
-1566791,-437828,18.7440242767334,-657.65875,330.34686,126.0
-1566889,-437850,18.911386489868164,-657.65875,330.34686,126.1
-1566986,-437872,18.911386489868164,-657.65875,330.34686,126.2
-1567084,-437894,19.082847595214844,-656.458,337.5118,126.3
-1567181,-437916,19.082847595214844,-656.458,337.5118,126.4
-1567279,-437938,19.5878849029541,-656.458,337.5118,126.5
-1567377,-437958,19.5878849029541,-656.458,337.5118,126.6
-1567475,-437978,19.23606300354004,-656.458,337.5118,126.7
-1567573,-437998,19.23606300354004,-656.6169,336.27643,126.8
-1567671,-438017,18.890695571899414,-672.3742,335.29083,126.9
-1567769,-438037,18.890695571899414,-672.3742,335.29083,127.0
-1567867,-438056,19.126684188842773,-672.3742,335.29083,127.1
-1567965,-438075,19.126684188842773,-672.3742,335.29083,127.2
-1568064,-438094,19.263273239135742,-671.1946,344.0993,127.3
-1568162,-438112,19.263273239135742,-671.1946,344.0993,127.4
-1568260,-438131,19.613943099975586,-671.1946,344.0993,127.5
-1568358,-438149,19.613943099975586,-671.1946,344.0993,127.6
-1568457,-438168,19.519811630249023,-671.1946,344.0993,127.7
-1568555,-438186,19.519811630249023,-671.90204,343.03876,127.8
-1568653,-438205,20.2818603515625,-671.90204,343.03876,127.9
-1568751,-438223,20.2818603515625,-671.90204,343.03876,128.0
-1568850,-438242,19.95289421081543,-671.90204,343.03876,128.1
-1568948,-438260,19.95289421081543,-671.90204,343.03876,128.2
-1569046,-438278,19.920852661132812,-674.6785,352.51688,128.3
-1569145,-438296,19.920852661132812,-674.6785,352.51688,128.4
-1569243,-438314,21.115413665771484,-674.6785,352.51688,128.5
-1569342,-438331,21.115413665771484,-674.6785,352.51688,128.6
-1569440,-438348,21.2548828125,-674.6785,352.51688,128.7
-1569539,-438365,21.2548828125,-679.88245,353.5733,128.8
-1569637,-438381,21.45286750793457,-679.88245,353.5733,128.9
-1569736,-438397,21.45286750793457,-679.88245,353.5733,129.0
-1569835,-438413,21.424827575683594,-679.88245,353.5733,129.1
-1569933,-438430,21.424827575683594,-679.88245,353.5733,129.2
-1570032,-438446,20.680723190307617,-687.36707,353.08307,129.3
-1570131,-438462,20.680723190307617,-687.36707,353.08307,129.4
-1570230,-438478,20.381093978881836,-687.36707,353.08307,129.5
-1570328,-438494,20.381093978881836,-687.36707,353.08307,129.6
-1570427,-438510,20.41832733154297,-695.87146,349.14926,129.7
-1570526,-438525,20.41832733154297,-704.21674,350.40576,129.8
-1570625,-438541,21.306777954101562,-704.21674,350.40576,129.9
-1570724,-438555,21.306777954101562,-704.21674,350.40576,130.0
-1570823,-438569,22.57069206237793,-704.21674,350.40576,130.1
-1570922,-438584,22.57069206237793,-704.21674,350.40576,130.2
-1571021,-438598,24.67745018005371,-715.3744,383.11597,130.3
-1571120,-438612,24.645309448242188,-715.3744,383.11597,130.4
-1571219,-438626,25.73050308227539,-715.3744,383.11597,130.5
-1571318,-438640,25.73050308227539,-715.3744,383.11597,130.6
-1571417,-438654,26.64539909362793,-715.3744,383.11597,130.7
-1571516,-438668,26.64539909362793,-729.30884,406.7173,130.8
-1571615,-438681,26.394445419311523,-729.30884,406.7173,130.9
-1571714,-438695,26.394445419311523,-729.30884,406.7173,131.0
-1571813,-438708,26.869585037231445,-729.30884,406.7173,131.1
-1571912,-438720,26.869585037231445,-729.30884,406.7173,131.2
-1572011,-438733,28.02496910095215,-745.76697,415.33493,131.3
-1572111,-438745,28.02496910095215,-745.76697,415.33493,131.4
-1572210,-438757,28.346601486206055,-745.76697,415.33493,131.5
-1572309,-438769,28.346601486206055,-745.76697,415.33493,131.6
-1572408,-438781,28.91840934753418,-745.76697,415.33493,131.7
-1572508,-438793,28.91840934753418,-764.63324,427.38782,131.8
-1572607,-438804,28.799867630004883,-764.63324,427.38782,131.9
-1572706,-438815,28.799867630004883,-764.63324,427.38782,132.0
-1572806,-438826,28.062480926513672,-764.63324,427.38782,132.1
-1572905,-438837,28.062480926513672,-764.63324,427.38782,132.2
-1573005,-438847,28.95891761779785,-785.4596,421.3968,132.3
-1573104,-438858,28.95891761779785,-785.4596,421.3968,132.4
-1573203,-438869,30.174100875854492,-785.4596,421.3968,132.5
-1573303,-438879,30.174100875854492,-785.4596,421.3968,132.6
-1573402,-438890,31.104721069335938,-785.4596,421.3968,132.7
-1573502,-438900,31.104721069335938,-807.9635,445.00275,132.8
-1573601,-438909,32.148746490478516,-807.9635,445.00275,132.9
-1573701,-438919,32.148746490478516,-807.9635,445.00275,133.0
-1573800,-438928,32.148746490478516,-807.9635,445.00275,133.1
-1573900,-438938,33.100799560546875,-807.9635,445.00275,133.2
-1573999,-438948,33.100799560546875,-807.9635,445.00275,133.3
-1574099,-438957,34.03548812866211,-831.53253,465.61374,133.4
-1574199,-438966,34.03548812866211,-831.53253,465.61374,133.5
-1574298,-438974,33.954017639160156,-831.53253,465.61374,133.6
-1574398,-438980,33.954017639160156,-831.53253,465.61374,133.7
-1574498,-438986,35.158668518066406,-831.53253,465.61374,133.8
-1574598,-438992,35.158668518066406,-855.61896,476.66513,133.9
-1574698,-438999,35.4066162109375,-855.61896,476.66513,134.0
-1574797,-439005,35.429100036621094,-873.21515,465.7048,134.1
-1574897,-439011,36.19475173950195,-873.21515,465.7048,134.2
-1574997,-439016,36.19475173950195,-873.21515,465.7048,134.3
-1575097,-439022,36.325870513916016,-898.8879,480.55347,134.4
-1575197,-439028,36.325870513916016,-898.8879,480.55347,134.5
-1575297,-439033,36.3666877746582,-898.8879,480.55347,134.6
-1575397,-439038,36.3666877746582,-898.8879,480.55347,134.7
-1575497,-439043,36.697574615478516,-898.8879,480.55347,134.8
-1575596,-439047,36.697574615478516,-924.7758,488.95392,134.9
-1575696,-439052,36.84501266479492,-924.7758,488.95392,135.0
-1575796,-439057,36.84501266479492,-924.7758,488.95392,135.1
-1575896,-439062,37.021358489990234,-924.7758,488.95392,135.2
-1575996,-439066,37.021358489990234,-924.7758,488.95392,135.3
-1576096,-439070,36.84779739379883,-950.52277,483.47693,135.4
-1576196,-439073,36.84779739379883,-950.52277,483.47693,135.5
-1576296,-439075,36.14141845703125,-950.52277,483.47693,135.6
-1576396,-439076,36.14141845703125,-950.52277,483.47693,135.7
-1576496,-439078,37.198307037353516,-950.52277,483.47693,135.8
-1576596,-439080,37.198307037353516,-975.8784,481.23898,135.9
-1576696,-439081,37.48623275756836,-975.8784,481.23898,136.0
-1576796,-439083,37.48623275756836,-975.8784,481.23898,136.1
-1576896,-439084,37.46971893310547,-975.8784,481.23898,136.2
-1576996,-439085,37.46971893310547,-975.8784,481.23898,136.3
-1577096,-439086,37.51072311401367,-1000.2185,478.79965,136.4
-1577196,-439086,37.51072311401367,-1000.2185,478.79965,136.5
-1577296,-439086,36.97549819946289,-1000.2185,478.79965,136.6
-1577396,-439085,36.97549819946289,-1000.2185,478.79965,136.7
-1577496,-439084,36.61572265625,-1000.2185,478.79965,136.8
-1577596,-439083,36.61572265625,-1023.10034,475.9355,136.9
-1577696,-439082,36.34233474731445,-1023.10034,475.9355,137.0
-1577796,-439081,36.34233474731445,-1023.10034,475.9355,137.1
-1577896,-439080,36.10836410522461,-1023.10034,475.9355,137.2
-1577996,-439079,36.10836410522461,-1023.10034,475.9355,137.3
-1578096,-439078,35.540775299072266,-1043.7289,476.8056,137.4
-1578196,-439076,35.540775299072266,-1043.7289,476.8056,137.5
-1578296,-439073,35.01856994628906,-1043.7289,476.8056,137.6
-1578396,-439071,35.01856994628906,-1043.7289,476.8056,137.7
-1578496,-439068,34.78602600097656,-1043.7289,476.8056,137.8
-1578596,-439066,34.78602600097656,-1061.2661,466.5434,137.9
-1578696,-439063,34.07453918457031,-1061.2661,466.5434,138.0
-1578796,-439059,34.07453918457031,-1061.2661,466.5434,138.1
-1578896,-439056,33.93454360961914,-1061.2661,466.5434,138.2
-1578996,-439052,33.93454360961914,-1061.2661,466.5434,138.3
-1579096,-439049,33.6722412109375,-1075.3982,462.17984,138.4
-1579195,-439044,33.6722412109375,-1075.3982,462.17984,138.5
-1579295,-439040,34.0590705871582,-1075.3982,462.17984,138.6
-1579395,-439035,34.0590705871582,-1075.3982,462.17984,138.7
-1579495,-439030,34.44230651855469,-1075.3982,462.17984,138.8
-1579595,-439025,34.44230651855469,-1085.1665,463.88947,138.9
-1579695,-439020,34.43717956542969,-1085.1665,463.88947,139.0
-1579795,-439014,34.43717956542969,-1085.1665,463.88947,139.1
-1579895,-439008,34.42393493652344,-1085.1665,463.88947,139.2
-1579994,-439002,34.42393493652344,-1085.1665,463.88947,139.3
-1580094,-438995,34.3964729309082,-1049.5172,458.64514,139.4
-1580194,-438988,34.3964729309082,-1049.5172,458.64514,139.5
-1580294,-438980,34.76652908325195,-1049.5172,458.64514,139.6
-1580393,-438972,34.76652908325195,-1049.5172,458.64514,139.7
-1580493,-438963,35.0095100402832,-1049.5172,458.64514,139.8
-1580592,-438955,35.0095100402832,-1054.1678,465.6105,139.9
-1580692,-438945,35.23237228393555,-1054.1678,465.6105,140.0
-1580792,-438936,35.23237228393555,-1054.1678,465.6105,140.1
-1580891,-438926,35.53715515136719,-1054.1678,465.6105,140.2
-1580991,-438916,35.53715515136719,-1054.1678,465.6105,140.3
-1581090,-438906,35.55960464477539,-1058.5286,468.10068,140.4
-1581190,-438896,35.55960464477539,-1058.5286,468.10068,140.5
-1581289,-438886,35.77765655517578,-1058.5286,468.10068,140.6
-1581388,-438875,35.77765655517578,-1058.5286,468.10068,140.7
-1581488,-438865,35.81471633911133,-1058.5286,468.10068,140.8
-1581587,-438854,35.81471633911133,-1064.0903,469.38785,140.9
-1581687,-438843,35.98928451538086,-1064.0903,469.38785,141.0
-1581786,-438832,35.98928451538086,-1064.0903,469.38785,141.1
-1581885,-438821,36.18122863769531,-1064.0903,469.38785,141.2
-1581985,-438811,36.18122863769531,-1064.0903,469.38785,141.3
-1582084,-438800,36.182743072509766,-1072.8165,472.5975,141.4
-1582184,-438790,35.804378509521484,-1072.8165,472.5975,141.5
-1582283,-438779,35.841270446777344,-1072.8165,472.5975,141.6
-1582383,-438768,35.841270446777344,-1072.8165,472.5975,141.7
-1582482,-438757,36.06970977783203,-1072.8165,472.5975,141.8
-1582581,-438746,36.06970977783203,-1087.2826,472.33597,141.9
-1582681,-438734,36.20100021362305,-1087.2826,472.33597,142.0
-1582780,-438723,36.20100021362305,-1087.2826,472.33597,142.1
-1582879,-438711,36.49497985839844,-1087.2826,472.33597,142.2
-1582978,-438698,36.49497985839844,-1087.2826,472.33597,142.3
-1583077,-438685,36.838356018066406,-1107.1433,474.00046,142.4
-1583177,-438672,36.838356018066406,-1107.1433,474.00046,142.5
-1583276,-438658,36.88631820678711,-1107.1433,474.00046,142.6
-1583374,-438643,36.88631820678711,-1107.1433,474.00046,142.7
-1583474,-438630,37.20488357543945,-1107.1433,474.00046,142.8
-1583573,-438616,37.20488357543945,-1133.898,479.2415,142.9
-1583672,-438602,36.9818115234375,-1133.898,479.2415,143.0
-1583771,-438588,36.721126556396484,-1133.898,479.2415,143.1
-1583870,-438574,36.46755599975586,-1133.898,479.2415,143.2
-1583968,-438559,36.46755599975586,-1133.898,479.2415,143.3
-1584067,-438542,35.971492767333984,-1164.5894,472.3357,143.4
-1584165,-438525,35.971492767333984,-1164.5894,472.3357,143.5
-1584264,-438508,35.65550994873047,-1164.5894,472.3357,143.6
-1584362,-438491,35.65550994873047,-1149.3104,471.50644,143.7
-1584461,-438473,35.177833557128906,-1149.3104,471.50644,143.8
-1584559,-438455,35.177833557128906,-1186.3032,462.2292,143.9
-1584657,-438436,35.586917877197266,-1186.3032,462.2292,144.0
-1584756,-438417,35.586917877197266,-1186.3032,462.2292,144.1
-1584854,-438398,36.218379974365234,-1186.3032,462.2292,144.2
-1584952,-438378,36.218379974365234,-1186.3032,462.2292,144.3
-1585050,-438358,35.98918151855469,-1223.1812,466.7042,144.4
-1585148,-438338,35.98918151855469,-1223.1812,466.7042,144.5
-1585246,-438319,35.5857048034668,-1223.1812,466.7042,144.6
-1585344,-438299,35.5857048034668,-1223.1812,466.7042,144.7
-1585442,-438280,35.351776123046875,-1223.1812,466.7042,144.8
-1585540,-438260,35.351776123046875,-1256.1558,458.2595,144.9
-1585638,-438241,34.8958740234375,-1256.1558,458.2595,145.0
-1585736,-438221,34.8958740234375,-1256.1558,458.2595,145.1
-1585834,-438201,34.50872039794922,-1256.1558,458.2595,145.2
-1585932,-438181,35.148712158203125,-1256.1558,458.2595,145.3
-1586030,-438161,34.69389724731445,-1286.7212,450.81314,145.4
-1586128,-438141,34.69389724731445,-1286.7212,450.81314,145.5
-1586226,-438120,34.25617599487305,-1286.7212,450.81314,145.6
-1586324,-438099,34.25617599487305,-1286.7212,450.81314,145.7
-1586421,-438078,34.117759704589844,-1286.7212,450.81314,145.8
-1586519,-438057,34.117759704589844,-1314.9783,444.91745,145.9
-1586617,-438036,33.855411529541016,-1314.9783,444.91745,146.0
-1586715,-438015,33.855411529541016,-1314.9783,444.91745,146.1
-1586812,-437994,33.8072509765625,-1318.3127,458.776,146.2
-1586910,-437973,33.8072509765625,-1318.3127,458.776,146.3
-1587008,-437952,33.34068298339844,-1345.3945,449.998,146.4
-1587106,-437931,33.34068298339844,-1345.3945,449.998,146.5
-1587203,-437909,32.85150909423828,-1345.3945,449.998,146.6
-1587301,-437888,32.85150909423828,-1345.3945,449.998,146.7
-1587398,-437866,32.85150909423828,-1345.3945,449.998,146.8
-1587496,-437843,32.17483139038086,-1345.3945,449.998,146.9
-1587593,-437821,32.17483139038086,-1371.7108,438.81223,147.0
-1587691,-437798,31.79136085510254,-1371.7108,438.81223,147.1
-1587788,-437776,31.79136085510254,-1371.7108,438.81223,147.2
-1587885,-437753,31.017620086669922,-1371.7108,438.81223,147.3
-1587983,-437729,31.017620086669922,-1371.7108,438.81223,147.4
-1588080,-437705,30.1085262298584,-1391.1035,426.83643,147.5
-1588177,-437681,30.1085262298584,-1391.1035,426.83643,147.6
-1588274,-437657,29.583744049072266,-1391.1035,426.83643,147.7
-1588371,-437632,29.583744049072266,-1391.1035,426.83643,147.8
-1588467,-437606,29.669721603393555,-1391.1035,426.83643,147.9
-1588564,-437580,29.677900314331055,-1401.5913,417.8648,148.0
-1588661,-437555,29.821910858154297,-1401.5913,417.8648,148.1
-1588757,-437529,29.821910858154297,-1401.5913,417.8648,148.2
-1588854,-437502,29.99700927734375,-1401.5913,417.8648,148.3
-1588950,-437476,29.99700927734375,-1393.6039,419.8759,148.4
-1589047,-437449,30.189361572265625,-1397.4297,424.34656,148.5
-1589143,-437422,30.189361572265625,-1397.4297,424.34656,148.6
-1589239,-437395,30.54791831970215,-1397.4297,424.34656,148.7
-1589335,-437368,30.54791831970215,-1397.4297,424.34656,148.8
-1589432,-437341,31.248172760009766,-1397.4297,424.34656,148.9
-1589528,-437315,31.248172760009766,-1387.6437,434.3695,149.0
-1589625,-437288,32.161598205566406,-1387.6437,434.3695,149.1
-1589721,-437261,32.161598205566406,-1387.6437,434.3695,149.2
-1589817,-437233,32.69913864135742,-1387.6437,434.3695,149.3
-1589913,-437206,32.69913864135742,-1387.6437,434.3695,149.4
-1590009,-437178,33.324913024902344,-1285.1176,447.1691,149.5
-1590105,-437150,33.324913024902344,-1285.1176,447.1691,149.6
-1590201,-437122,32.77090835571289,-1285.1176,447.1691,149.7
-1590297,-437093,32.77090835571289,-1285.1176,447.1691,149.8
-1590392,-437064,32.77090835571289,-1285.1176,447.1691,149.9
-1590488,-437035,31.36382484436035,-1285.1176,447.1691,150.0
-1590584,-437005,31.36382484436035,-1246.5879,442.299,150.1
-1590679,-436975,25.442935943603516,-1384.9623,432.86374,150.2
-1590775,-436946,25.442935943603516,-1384.9623,432.86374,150.3
-1590870,-436916,-9.457289695739746,-1384.9623,432.86374,150.4
-1590966,-436887,-9.457289695739746,-1384.9623,432.86374,150.5
-1591061,-436857,,-1406.5656,0.0,150.6
-1591157,-436827,,-1406.5656,0.0,150.7
-1591252,-436797,,-1406.5656,0.0,150.8
-1591348,-436767,,-1406.5656,0.0,150.9
-1591443,-436737,,-1406.5656,0.0,151.0
-1591538,-436706,,-1429.7197,0.0,151.1
-1591634,-436676,,-1429.7197,0.0,151.2
-1591729,-436645,,-1429.7197,0.0,151.3
-1591824,-436614,,-1429.7197,0.0,151.4
-1591919,-436583,,-1429.7197,0.0,151.5
-1592014,-436552,-6.3791046142578125,-1318.237,0.0,151.6
-1592109,-436521,-6.3791046142578125,-1318.237,0.0,151.7
-1592204,-436490,-19.2842960357666,-1278.6128,0.0,151.8
-1592299,-436459,-19.2842960357666,-1278.6128,0.0,151.9
-1592394,-436427,-19.2842960357666,-1278.6128,0.0,152.0
-1592489,-436395,,-1278.6128,0.0,152.1
-1592584,-436364,,-1287.074,0.0,152.2
-1592679,-436333,,-1287.074,0.0,152.3
-1592773,-436301,,-1287.074,0.0,152.4
-1592868,-436269,,-1287.074,0.0,152.5
-1592963,-436236,,-1287.074,0.0,152.6
-1593057,-436204,,-1296.9233,0.0,152.7
-1593152,-436172,,-1296.9233,0.0,152.8
-1593246,-436139,,-1296.9233,0.0,152.9
-1593341,-436107,,-1296.9233,0.0,153.0
-1593436,-436074,,-1296.9233,0.0,153.1
-1593530,-436041,,-1408.5913,0.0,153.2
-1593624,-436008,,-1408.5913,0.0,153.3
-1593719,-435975,,-1417.0538,0.0,153.4
-1593813,-435942,,-1417.0538,0.0,153.5
-1593908,-435909,,-1417.0538,0.0,153.6
-1594002,-435875,,-1436.1874,0.0,153.7
-1594096,-435842,,-1436.1874,0.0,153.8
-1594191,-435809,,-1436.1874,0.0,153.9
-1594285,-435776,,-1436.1874,0.0,154.0
-1594379,-435742,,-1436.1874,0.0,154.1
-1594473,-435709,,-1436.1874,0.0,154.2
-1594568,-435676,,-1390.8997,0.0,154.3
-1594663,-435644,,-1390.8997,0.0,154.4
-1594757,-435611,,-1390.8997,0.0,154.5
-1594851,-435578,,-1390.8997,0.0,154.6
-1594946,-435545,,-1390.8997,0.0,154.7
-1595041,-435513,,-1437.3158,0.0,154.8
-1595135,-435480,,-1422.6935,0.0,154.9
-1595230,-435448,,-1422.6935,0.0,155.0
-1595324,-435415,,-1422.6935,0.0,155.1
-1595419,-435384,,-1422.6935,0.0,155.2
-1595514,-435352,,-1314.4885,0.0,155.3
-1595609,-435320,,-1314.4885,0.0,155.4
-1595704,-435290,,-1314.4885,0.0,155.5
-1595799,-435259,,-1314.4885,0.0,155.6
-1595895,-435229,,-1314.4885,0.0,155.7
-1595990,-435199,,-1314.4885,0.0,155.8
-1596086,-435170,,-1422.8739,0.0,155.9
-1596182,-435142,,-1422.8739,0.0,156.0
-1596278,-435114,,-1422.8739,0.0,156.1
-1596374,-435086,,-1422.8739,0.0,156.2
-1596470,-435058,,-1422.8739,0.0,156.3
-1596565,-435029,,-1385.8462,0.0,156.4
-1596661,-435001,,-1385.8462,0.0,156.5
-1596757,-434972,,-1414.3152,0.0,156.6
-1596853,-434943,,-1414.3152,0.0,156.7
-1596949,-434915,,-1414.3152,0.0,156.8
-1597045,-434886,,-1424.8434,0.0,156.9
-1597141,-434858,,-1424.8434,0.0,157.0
-1597237,-434830,,-1424.8434,0.0,157.1
-1597333,-434802,,-1424.8434,0.0,157.2
-1597429,-434775,,-1424.8434,0.0,157.3
-1597525,-434747,,-1439.8042,0.0,157.4
-1597621,-434720,,-1439.8042,0.0,157.5
-1597717,-434692,,-1439.8042,0.0,157.6
-1597813,-434665,,-1439.8042,0.0,157.7
-1597909,-434637,,-1439.8042,0.0,157.8
-1598006,-434610,,-1361.728,0.0,157.9
-1598102,-434583,,-1361.728,0.0,158.0
-1598198,-434555,,-1361.728,0.0,158.1
-1598294,-434528,,-1361.728,0.0,158.2
-1598391,-434501,,-1361.728,0.0,158.3
-1598487,-434474,,-1378.1505,0.0,158.4
-1598583,-434446,,-1323.6978,0.0,158.5
-1598679,-434419,,-1323.6978,0.0,158.6
-1598775,-434392,,-1323.6978,0.0,158.7
-1598871,-434364,,-1323.6978,0.0,158.8
-1598968,-434338,,-1323.6978,0.0,158.9
-1599064,-434310,,-1400.7559,0.0,159.0
-1599160,-434283,,-1400.7559,0.0,159.1
-1599257,-434256,,-1400.7559,0.0,159.2
-1599353,-434228,,-1400.7559,0.0,159.3
-1599449,-434200,,-1400.7559,0.0,159.4
-1599545,-434172,,-1458.6006,0.0,159.5
-1599641,-434144,,-1458.6006,0.0,159.6
-1599737,-434116,,-1458.6006,0.0,159.7
-1599832,-434087,,-1458.6006,0.0,159.8
-1599928,-434059,,-1458.6006,0.0,159.9
-1600025,-434032,,-1477.8599,0.0,160.0
